ObjectID,GlobalID,CreationDate,Creator,EditDate,Editor,Who,Other - Who,Region,Other - Region,Date/Time,Security Presence,Other - Security Presence,Cleaning Evidence,Other - Cleaning Evidence,Signs-Assistance,Other - Signs-Assistance,Signs-Other,Other - Signs-Other,Flagging,Other - Flagging,Notes about this datum,x,y,Sign Category-Bin1,Sign Category Sentiment-Bin2,Sign Category Overall Sentiment-Bin 3,Signs Within Same Image,Post-Fire Period (Years)
1,05614ec3-91df-4420-b582-463bc3104e40,7/21/25 17:34,,7/21/25 17:34,,Nicole Kouyoumdjian,,Palisades,,7/21/25 17:32,other,Cleanup,Clean-Up_Done,,Federal,,,,,,Near Topanga Canyon East Trail,-118.5572361,34.05074829,Government Cleaned-Up,Clean-up Status,positive,1,0.5
2,545e844d-4ddb-4404-a616-a0a72b8144cc,7/21/25 17:36,,7/21/25 17:36,,Nicole Kouyoumdjian,,Palisades,,7/21/25 17:34,,,other,Existing sign,County,,other,Warning for disposal of fire hazards,,,,-118.5571848,34.05070099,Government-Rules,Clean-up Rules,neutral,1,0.5
3,05c33b36-aed1-42e3-b09a-ca3d3b9186b4,7/21/25 17:50,,7/21/25 17:50,,Nicole Kouyoumdjian,,Palisades,,7/21/25 17:48,,,"Clean-Up_Ongoing,Clean-Up_Done",,"County,other",Community Group/Business,Pro-Community,,,,,-118.5385131,34.04847574,Wildfire Resources,Resources,positive,1,0.5
4,9329a588-eed8-4dcb-8dd3-486cf327327e,7/21/25 18:32,,7/21/25 18:32,,Nicole Kouyoumdjian,,Palisades,,7/21/25 18:28,,,"Clean-Up_Done,Clean-Up_Ongoing",,other,Community Group,Pro-Community,,,,,-118.518468,34.03770928,Pro-Community Pride,Pro-Community,positive,1,0.5
5,5794c470-4bb3-40d1-9e1b-5eecdb82d8ec,7/21/25 19:19,,7/21/25 19:19,,Nicole Kouyoumdjian,,other,PCH,7/21/25 19:18,,,"Clean-Up_Ongoing,Clean-Up_Done",,other,Community,Pro-Community,,,,,-118.6332183,34.03744761,Pro-Community Strong,Pro-Community,positive,1,0.5
6,a9fe658c-6d33-47fc-a0fb-a1dff80af041,7/21/25 19:22,,7/21/25 19:22,,Nicole Kouyoumdjian,,other,PCH,7/21/25 19:22,Private_Security,,Clean-Up_Done,,Private_Sector-other,,,,,,,-118.6543377,34.03885874,Security-Stay Away,Security-Negative,negative,1,0.5
7,1b2d5753-ee1c-4fa8-a44f-e6e251b3dc4e,7/21/25 19:23,,7/21/25 19:23,,Nicole Kouyoumdjian,,other,PCH,7/21/25 19:22,,,"Clean-Up_Done,Clean-Up_Ongoing",,Private_Sector-Home_Buyers,,,,,,,-118.658971,34.03928354,Government Cleaned-Up,Clean-up Status,positive,1,0.5
1001,1b2d5753-ee1c-4fa8-a44f-e6e251b3dc4e,7/21/25 19:23,,7/21/25 19:23,,Nicole Kouyoumdjian,,other,PCH,7/21/25 19:22,,,"Clean-Up_Done,Clean-Up_Ongoing",,Private_Sector-Home_Buyers,,,,,,,-118.658971,34.03928354,Government Cleaned-Up,Clean-up Status,positive,2,0.5
8,5af535d4-b7e9-41a5-a2f1-491ef9c390f7,7/22/25 15:39,jonathan.campos584_CSUCIGIS,7/22/25 15:39,jonathan.campos584_CSUCIGIS,Jonathan Campos,,Eaton,,7/22/25 15:37,,,,,,,,,,,,-118.1596137,34.17989109,,,,,
9,ee7bd732-2b1b-4165-9fa2-2f5437c50de6,7/22/25 16:10,,7/22/25 16:10,,Judy Bibian,,Eaton,,7/22/25 16:09,,,,,,,Pro-Community,,,,Outside of Stumptown Coffee Roasters in Altadena.,-118.1595194,34.1798775,Pro-Community Pride,Pro-Community,positive,1,0.5
10,34fba662-81da-4c55-8a36-582c415f0aed,7/22/25 16:12,john.maines545_CSUCIGIS,7/22/25 16:12,john.maines545_CSUCIGIS,John Maines,,Eaton,,7/22/25 16:10,,,,,,,Pro-Community,,,,"Sign that says """"we love you Altadena + Pasadena",-118.1595413,34.17986684,Pro-Community,Pro-Community,positive,1,0.5
11,c2f1d2df-e252-40ad-968e-cd062855f6dd,7/22/25 16:12,,7/22/25 16:12,,Nicole Kouyoumdjian,,Eaton,,7/22/25 16:11,,,,,State,,Pro-Community,,,,,-118.1595441,34.1798535,Pro-Community Pride,Pro-Community,positive,1,0.5
12,04f86649-3fd3-4638-a19d-59b13a63c036,7/22/25 16:28,,7/22/25 16:28,,Tim Whitfield,,Eaton,,7/22/25 16:26,,,,,,,other,Predatory lawyer ad,,,,-118.1435426,34.18217563,Lawyer-Ambulance Chaser,Lawyers,negative,1,0.5
13,36bbfb28-9bdc-44f0-af0d-ca6072c58457,7/22/25 16:28,,7/22/25 16:28,,Judy Bibian,,Eaton,,7/22/25 16:28,,,,,,,Pro-Community,,,,,-118.1407211,34.18081678,Religious Appeal,Religion,positive,1,0.5
14,49d5f1fe-ea74-4dcd-b8d4-73c4777d76f4,7/22/25 16:32,,7/22/25 16:32,,Judy Bibian,,Eaton,,7/22/25 16:30,,,Clean-Up_Done,,,,,,,,,-118.1319713,34.1799952,Government Cleaned-Up,Clean-up Status,positive,1,0.5
15,92ac520b-e9ef-4926-995b-576deda244ad,7/22/25 16:32,,7/22/25 16:32,,Judy Bibian,,Eaton,,7/22/25 16:32,,,,,,,Pro-Community,,,,,-118.131476,34.17949788,Pro-Community Pride,Pro-Community,positive,1,0.5
16,f62f5096-09a2-4b36-a097-05fb9d0d3d72,7/22/25 16:34,,7/22/25 16:34,,Judy Bibian,,Eaton,,7/22/25 16:33,,,,,,,Pro-Community,,,,“We Are Altadena Strong”,-118.1100378,34.17781623,Pro-Community Pride,Pro-Community,positive,1,0.5
17,5b3feb7d-ad36-4f4e-b889-2016ac38137c,7/22/25 16:37,,7/22/25 16:37,,Judy Bibian,,Eaton,,7/22/25 16:36,,,,,,,Pro-Community,,,,“Altadena is not for sale”,-118.0978199,34.17444446,Pro-Community Pride,Pro-Community,positive,1,0.5
18,530b6974-3f29-4fc1-a64d-28a3c108c791,7/22/25 16:38,,7/22/25 16:38,,Judy Bibian,,Eaton,,7/22/25 16:37,,,Clean-Up_Done,,,,,,,,,-118.0980949,34.17442427,Government Cleaned-Up,Clean-up Status,positive,1,0.5
19,8b0eb44c-78fa-45d9-8e17-c51554c7fa47,7/22/25 17:23,,7/22/25 17:23,,Nicole Kouyoumdjian,,Eaton,,7/22/25 17:22,,,,,other,Community Group,Pro-Community,,,,,-118.1171501,34.19071532,Pro-Community Pride,Pro-Community,positive,1,0.5
1002,8b0eb44c-78fa-45d9-8e17-c51554c7fa47,7/22/25 17:23,,7/22/25 17:23,,Nicole Kouyoumdjian,,Eaton,,7/22/25 17:22,,,,,other,Community Group,Pro-Community,,,,,-118.1171501,34.19071532,Pro-Community Not For Sale,Pro-Community,positive,2,0.5
1003,8b0eb44c-78fa-45d9-8e17-c51554c7fa47,7/22/25 17:23,,7/22/25 17:23,,Nicole Kouyoumdjian,,Eaton,,7/22/25 17:22,,,,,other,Community Group,Pro-Community,,,,,-118.1171501,34.19071532,Pro-Community Not For Sale,Pro-Community,positive,3,0.5
20,e8872829-0c70-482f-afe0-490b93dd5790,7/22/25 17:39,steven.cardoza804_CSUCIGIS,7/22/25 17:39,steven.cardoza804_CSUCIGIS,Steven Cardoza,,Eaton,,7/22/25 17:36,,,,,other,,Pro-Community,,,,Promotion of community based public art project signalling loss and sharing of grievance through a public work.,-118.1371748,34.18915758,Pro-Community Art & Memory,Pro-Community,positive,1,0.5
21,5f51ea35-b429-4b26-ba0a-a5e53a565b03,7/22/25 17:51,,7/22/25 17:51,,Nicole Kouyoumdjian,,Eaton,,7/22/25 17:50,,,,,City,,Pro-Community,,,,,-118.1334055,34.18985854,Wildfire Resources,Resources,positive,1,0.5
22,4d3ff213-33d9-49f4-b724-06a67dde6a24,7/22/25 17:52,,7/22/25 17:52,,Nicole Kouyoumdjian,,Eaton,,7/22/25 17:52,,,,,Federal,,,,,,,-118.1334371,34.18980464,Wildfire Resources,Resources,positive,1,0.5
23,ff16d95f-2461-40aa-8b10-3c67e1e6a1ba,7/22/25 17:54,,7/22/25 17:54,,Nicole Kouyoumdjian,,Eaton,,7/22/25 17:53,,,,,State,,,,,,,-118.133441,34.18980292,Wildfire Resources,Resources,positive,1,0.5
24,87e22241-6a46-4e72-8edc-34cee99ef27d,7/22/25 17:55,,7/22/25 17:55,,Judy Bibian,,Eaton,,7/22/25 17:54,,,,,County,,,,,,,-118.1334495,34.18976788,Wildfire Resources,Resources,positive,1,0.5
25,a01ed061-f0a8-4c62-90e7-fc4abf848e63,7/22/25 17:56,,7/22/25 17:56,,Nicole Kouyoumdjian,,Eaton,,7/22/25 17:56,,,,,Federal,,,,,,,-118.1334368,34.18983644,Wildfire Resources,Resources,positive,1,0.5
26,4c95199c-23b4-4efa-a700-cbb95c894f46,7/22/25 17:57,,7/22/25 17:57,,Nicole Kouyoumdjian,,Eaton,,7/22/25 17:56,,,,,Federal,,,,,,,-118.1334443,34.18982484,Wildfire Resources,Resources,positive,1,0.5
27,88880775-6d90-4f75-b61b-fbc0d3050dcf,7/22/25 17:57,jonathan.campos584_CSUCIGIS,7/22/25 17:57,jonathan.campos584_CSUCIGIS,Jonathan Campos,,Eaton,,7/22/25 17:56,,,,,County,,other,Scam warning,,,,-118.1334259,34.18974523,Warnings-Avoid Scams,Education,positive,1,0.5
28,a701635c-1897-47d2-9032-31308ea435a3,7/22/25 18:28,,7/22/25 18:28,,,,Eaton,,7/22/25 18:28,,,,,,,Pro-Community,,,,,-118.1313204,34.18991321,Pro-Community Strong,Pro-Community,positive,1,0.5
29,d9eb0795-9f7e-417a-a7b4-7d9d99a92751,7/22/25 18:38,,7/22/25 18:38,,Nicole Kouyoumdjian,,Eaton,,7/22/25 18:37,,,Clean-Up_Ongoing,,County,,,,,,,-118.1332387,34.19989909,Closed Fire Damage,Fire Damage,negative,1,0.5
30,00f6e169-eb46-48b1-b38e-33b9a4eeac6d,7/22/25 18:41,,7/22/25 18:41,,Judy Bibian,,Eaton,,7/22/25 18:40,,,,,,,For_Sale-Ad,,,,,-118.141816,34.20259404,For Sale,Sale Offer,negative,1,0.5
31,9af70225-67e7-4196-9a3e-0678875615ed,7/22/25 18:42,,7/22/25 18:42,,Nicole Kouyoumdjian,,Eaton,,7/22/25 18:39,,,"Clean-Up_Ongoing,Clean-Up_Done",,Private_Sector-Home_Buyers,,For_Sale-Ad,,,,Property for lease,-118.1381176,34.20085547,For Lease,Lease Offer,positive,1,0.5
32,503eb6ca-8f1e-4c57-b715-df98da1638d7,7/22/25 18:48,,7/22/25 18:48,,Judy Bibian,,Eaton,,7/22/25 18:42,,,,,,,other,Predatory Ad,,,,-118.1431776,34.20358783,Warnings-Avoid Scams,Education,positive,1,0.5
1004,503eb6ca-8f1e-4c57-b715-df98da1638d7,7/22/25 18:48,,7/22/25 18:48,,Judy Bibian,,Eaton,,7/22/25 18:42,,,,,,,other,Predatory Ad,,,,-118.1431776,34.20358783,Government Cleaned-Up,Clean-up Status,positive,2,0.5
33,ce3f129e-9cfa-4969-8ec4-0cc036e1aa49,7/22/25 18:52,,7/22/25 18:52,,Nicole Kouyoumdjian,,Eaton,,7/22/25 18:41,,,"Clean-Up_Ongoing,Clean-Up_Done",,Private_Sector-Home_Buyers,,For_Sale-Ad,,,,,-118.1426117,34.2028623,Rebuilding-Construction Sign,Rebuilding,positive,1,0.5
1005,ce3f129e-9cfa-4969-8ec4-0cc036e1aa49,7/22/25 18:52,,7/22/25 18:52,,Nicole Kouyoumdjian,,Eaton,,7/22/25 18:41,,,"Clean-Up_Ongoing,Clean-Up_Done",,Private_Sector-Home_Buyers,,For_Sale-Ad,,,,,-118.1426117,34.2028623,Government Cleaned-Up,Clean-up Status,positive,2,0.5
34,4979f466-32c9-4ad1-9275-4d910fca659e,7/22/25 18:54,,7/22/25 18:54,,Judy Bibian,,Eaton,,7/22/25 18:53,,,Clean-Up_Ongoing,,,,,,,,,-118.1313906,34.18808729,Government Cleaned-Up,Clean-up Status,positive,1,0.5
35,42a19e90-f240-4235-aa8a-ff495b37af53,7/22/25 18:58,,7/22/25 18:58,,Nicole Kouyoumdjian,,Eaton,,7/22/25 18:57,,,,,,,Pro-Community,,,,,-118.1307504,34.1690211,Pro-Community Strong,Pro-Community,positive,1,0.5
36,e26e1589-c6b0-425a-a89c-46e8a750e3e4,7/22/25 21:18,,7/29/25 8:18,sean.anderson_CSUCIGIS,Nicole Kouyoumdjian,,Eaton,,7/22/25 21:18,,,"Clean-Up_Ongoing,Clean-Up_Done",,,,Pro-Community,,,,Black Homes Matter,-118.1531941,34.19894073,Pro-Community Black Homes Matter,Pro-Community,positive,1,0.5
1006,e26e1589-c6b0-425a-a89c-46e8a750e3e4,7/22/25 21:18,,7/29/25 8:18,sean.anderson_CSUCIGIS,Nicole Kouyoumdjian,,Eaton,,7/22/25 21:18,,,"Clean-Up_Ongoing,Clean-Up_Done",,,,Pro-Community,,,,Black Homes Matter,-118.1531941,34.19894073,Government Cleaned-Up,Clean-up Status,positive,2,0.5
37,92b79a15-fb26-41e7-b5dd-9c4f1b11ede5,7/22/25 21:19,,7/22/25 21:19,,Tim Whitfield,,Eaton,,7/22/25 21:18,,,,,,,Pro-Community,,,,,-118.1531031,34.19888816,Pro-Community Black Homes Matter,Pro-Community,positive,1,0.5
38,30353a22-1aa9-40b1-bab9-4ab60f7bacc2,7/22/25 23:21,john.maines545_CSUCIGIS,7/22/25 23:21,john.maines545_CSUCIGIS,John Maines,,Eaton,,7/22/25 17:14,,,,,,,Pro-Community,,,,"We love altadena""""",-118.1137613,34.19077577,Pro-Community Pride,Pro-Community,positive,1,0.5
39,4eabd591-a8ab-4f0a-ace2-e72de12ad9bb,7/22/25 23:23,john.maines545_CSUCIGIS,7/22/25 23:23,john.maines545_CSUCIGIS,John Maines,,Eaton,,7/22/25 17:24,,,,,,,For_Sale-Ad,,,,,-118.1361462,34.1897787,For Sale,Sale Offer,negative,1,0.5
40,a82c2af0-adbc-4305-b1eb-ef1ae00cc7ca,7/22/25 23:23,john.maines545_CSUCIGIS,7/22/25 23:23,john.maines545_CSUCIGIS,John Maines,,Eaton,,7/22/25 18:30,,,,,,,For_Sale-Ad,,,,,-118.1333581,34.195781,For Sale,Sale Offer,negative,1,0.5
41,1368615c-03aa-4860-9bbf-4586398d1bd7,7/22/25 23:23,john.maines545_CSUCIGIS,7/22/25 23:23,john.maines545_CSUCIGIS,John Maines,,Eaton,,7/22/25 18:35,,,"Burned_Cars_Remain,Conspicuous_Major_Items_Remain",,,,,,,,,-118.1352587,34.2010417,Graffiti,Graffiti,negative,1,0.5
42,cddb3c97-70bf-407e-9fbe-6069db7bf0cd,7/22/25 23:23,john.maines545_CSUCIGIS,7/22/25 23:23,john.maines545_CSUCIGIS,John Maines,,Eaton,,7/22/25 18:36,,,,,,,Trespass_Warning,,,,,-118.1323945,34.1996405,Security-Stay Away,Security-Negative,negative,1,0.5
43,17ae6ed0-f848-477d-b9c8-346b31ce9659,7/22/25 23:23,john.maines545_CSUCIGIS,7/22/25 23:23,john.maines545_CSUCIGIS,John Maines,,Eaton,,7/22/25 18:39,,,,,,,,,other,For lease sign,,-118.1381461,34.20091338,For Lease,Lease Offer,positive,1,0.5
1007,17ae6ed0-f848-477d-b9c8-346b31ce9659,7/22/25 23:23,john.maines545_CSUCIGIS,7/22/25 23:23,john.maines545_CSUCIGIS,John Maines,,Eaton,,7/22/25 18:39,,,,,,,,,other,For lease sign,,-118.1381461,34.20091338,Government Cleaned-Up,Clean-up Status,positive,2,0.5
44,953440f1-dea4-4e9c-9e28-3bb0f9d0f396,7/22/25 23:23,john.maines545_CSUCIGIS,7/22/25 23:23,john.maines545_CSUCIGIS,John Maines,,Eaton,,7/22/25 18:42,,,,,,,Trespass_Warning,,,,,-118.1431358,34.20357938,Security-Stay Away,Security-Negative,negative,1,0.5
45,8f07feef-9c2b-4954-980f-d01d94c00ce4,7/22/25 23:23,john.maines545_CSUCIGIS,7/22/25 23:23,john.maines545_CSUCIGIS,John Maines,,Eaton,,7/22/25 18:42,,,Clean-Up_Ongoing,,,,,,,,Heavy machinery working,-118.1427658,34.20439672,,,,,
46,84501936-a7a7-4d2a-b72b-6a8ff589375f,7/22/25 23:23,john.maines545_CSUCIGIS,7/22/25 23:23,john.maines545_CSUCIGIS,John Maines,,Eaton,,7/22/25 23:00,,,,,,,other,Ad for buomding homes certain way,,,,-118.1523937,34.1831596,Builder Ad,Ads-Neutral,neutral,1,0.5
47,baeb4da7-f32f-45b7-8504-adaa81a58624,7/22/25 23:23,john.maines545_CSUCIGIS,7/22/25 23:23,john.maines545_CSUCIGIS,John Maines,,Eaton,,7/22/25 23:20,,,,,,,Pro-Community,,,,,-118.1354761,34.1796953,Pro-Community Strong,Pro-Community,positive,1,0.5
48,57af3614-a60e-4f8c-91a8-abbe852d182d,7/22/25 23:24,john.maines545_CSUCIGIS,7/22/25 23:24,john.maines545_CSUCIGIS,John Maines,,Eaton,,7/22/25 17:23,,,,,,,Pro-Community,,,,,-118.1260023,34.19044026,Pro-Community Pride,Pro-Community,positive,1,0.5
49,8742c483-1eed-40e9-b389-258ede844766,7/23/25 17:49,,7/23/25 17:49,,Nicole Kouyoumdjian,,Palisades,,7/23/25 17:48,,,,,County,,,,,,,-118.5824273,34.03879759,Government-Rules,Clean-up Rules,neutral,1,0.5
50,029ca2d1-f4c4-4bd8-b48f-84030eda5b06,7/26/25 15:58,,7/26/25 15:58,,Judy Bibian,,Eaton,,7/26/25 15:57,,,,,,,other,,,,,-118.1595179,34.18825263,Lawyer-Ambulance Chaser,Lawyers,negative,1,0.5
51,ef71d9c3-801b-4910-95e6-a44e3fe7c959,7/26/25 18:10,sean.anderson_CSUCIGIS,7/26/25 18:10,sean.anderson_CSUCIGIS,Sean Anderson,,Eaton,,7/26/25 18:07,,,,,other,Home Builders,,,,,Synergy Group builders storefront-Synergy Ground Builders Home Design Center. Opening Aug 1,,,Rebuilding-Construction Sign,Rebuilding,positive,1,0.5
52,0d0b3940-7aaa-44c4-a055-d79f045c63c8,7/26/25 18:12,sean.anderson_CSUCIGIS,7/26/25 18:12,sean.anderson_CSUCIGIS,Sean Anderson,,Eaton,,7/26/25 18:10,,,,,Private_Sector-Lawyers,,,,,,Fire Lawsuit Demanding Bilions billboard on Lincoln ,-118.1596927,34.18580323,Lawyer-Ambulance Chaser,Lawyers,negative,1,0.5
53,ec1d7bd6-0a05-4570-8a87-6d3ae21bf48d,7/26/25 18:21,sean.anderson_CSUCIGIS,7/26/25 18:21,sean.anderson_CSUCIGIS,Sean Anderson,,Eaton,,7/26/25 18:20,,,,,,,other,GIS Burn Impact Map,,,,-118.1598658,34.18561918,Pro-Community Art & Memory,Pro-Community,positive,1,0.5
54,b45e194b-2d7c-4506-b1fc-00666d863b7f,7/26/25 18:25,sean.anderson_CSUCIGIS,7/26/25 18:25,sean.anderson_CSUCIGIS,Sean Anderson,,Eaton,,7/26/25 18:24,,,,,Private_Sector-Lawyers,,,,,,Bus stop layer ad,-118.1597287,34.17689433,Lawyer-Ambulance Chaser,Lawyers,negative,1,0.5
55,3e3c88ec-db11-454c-b6d2-e516b2ca386f,7/26/25 19:21,sean.anderson_CSUCIGIS,7/26/25 19:21,sean.anderson_CSUCIGIS,Sean Anderson,,Eaton,,7/26/25 18:54,,,Clean-Up_Done,,,,"Critical_of_Gov't,other",We Saved Ourselves Altadena,,,,-118.1486708,34.19213846,Pro-Community Art & Memory,Pro-Community,positive,1,0.5
1008,3e3c88ec-db11-454c-b6d2-e516b2ca386f,7/26/25 19:21,sean.anderson_CSUCIGIS,7/26/25 19:21,sean.anderson_CSUCIGIS,Sean Anderson,,Eaton,,7/26/25 18:54,,,Clean-Up_Done,,,,"Critical_of_Gov't,other",We Saved Ourselves Altadena,,,,-118.1486708,34.19213846,Pro-Community Not For Sale,Pro-Community,positive,2,0.5
56,7a765b47-f779-49b6-b502-9848fcbdc781,7/26/25 19:26,sean.anderson_CSUCIGIS,7/26/25 19:26,sean.anderson_CSUCIGIS,Sean Anderson,,Eaton,,7/26/25 19:25,,,,,,,other,Make Altadena Great Again,,,,-118.1537853,34.19697214,Pro-Community Pride,Pro-Community,positive,1,0.5
1009,7a765b47-f779-49b6-b502-9848fcbdc781,7/26/25 19:26,sean.anderson_CSUCIGIS,7/26/25 19:26,sean.anderson_CSUCIGIS,Sean Anderson,,Eaton,,7/26/25 19:25,,,,,,,other,Make Altadena Great Again,,,,-118.1537853,34.19697214,For Sale,Sale Offer,negative,2,0.5
57,31998e47-9677-46df-bce0-b8a300af119f,7/26/25 23:34,,7/26/25 23:34,,Tim Whitfield,,Eaton,,7/26/25 23:33,,,,,Private_Sector-Lawyers,,,,,,,-118.1593939,34.17984855,Wildfire Resources,Resources,positive,1,0.5
58,12e4e7b0-bb70-41eb-95b3-d9104e7b3589,7/27/25 0:16,steven.cardoza804_CSUCIGIS,7/27/25 0:16,steven.cardoza804_CSUCIGIS,Steven Cardoza,,Eaton,,7/27/25 0:14,,,,,City,,Pro-Community,,,,Found on the floor of the traffic stop,-118.1597424,34.18286914,Wildfire Resources,Resources,positive,1,0.5
59,9bacfa30-1203-4f8e-a78d-ecb51a11c546,7/27/25 0:19,ava.navarro634_CSUCIGIS,7/27/25 0:19,ava.navarro634_CSUCIGIS,Ava Navarro,,Eaton,,7/27/25 0:14,,,,,,,Pro-Community,,,,,-118.1581244,34.18266527,Pro-Community Not For Sale,Pro-Community,positive,1,0.5
60,70957af1-b322-4f4b-aa8f-4fad95a0c340,7/27/25 0:20,steven.cardoza804_CSUCIGIS,7/29/25 8:18,sean.anderson_CSUCIGIS,,,Eaton,,7/27/25 0:18,,,Clean-Up_Done,,"Federal,State",,,,,,,-118.1579787,34.18290979,Government Cleaned-Up,Clean-up Status,positive,1,0.5
61,d3b34c37-d5c8-436f-bc5f-693590350ea2,7/27/25 0:20,ava.navarro634_CSUCIGIS,7/27/25 0:20,ava.navarro634_CSUCIGIS,Ava Navarro,,Eaton,,7/27/25 0:20,,,Clean-Up_Done,,Federal,,,,,,,-118.1576803,34.18289573,Government Cleaned-Up,Clean-up Status,positive,1,0.5
62,3ea947fd-9ddc-49c6-91af-a185aa5afa85,7/27/25 0:23,ava.navarro634_CSUCIGIS,7/29/25 8:18,sean.anderson_CSUCIGIS,Ava Navarro,,Eaton,,7/27/25 0:22,,,Clean-Up_Done,,Federal,,,,,,,-118.1558412,34.18294096,Government Cleaned-Up,Clean-up Status,positive,1,0.5
63,5cb49571-b22b-4a49-8e0f-0b41b5e5acae,7/27/25 0:25,ava.navarro634_CSUCIGIS,7/27/25 0:25,ava.navarro634_CSUCIGIS,Nicole Kouyoumdjian,,Eaton,,7/27/25 0:24,,,,,,,"Pro-Community,other",Religious,,,,-118.155314,34.18308226,Religious Appeal,Religion,positive,1,0.5
64,5668b2ed-b8fa-4dd9-b152-eddeaed7865f,7/27/25 0:26,jonathan.campos584_CSUCIGIS,7/27/25 0:26,jonathan.campos584_CSUCIGIS,Jonathan Campos,,Eaton,,7/27/25 0:24,,,,,Private_Sector-Clean-Up,,,,,,,-118.1553251,34.18306699,Builder Ad,Ads-Neutral,neutral,1,0.5
65,f238ac86-669c-445d-b8bb-e723d2b3e7b7,7/27/25 0:27,ava.navarro634_CSUCIGIS,7/27/25 0:27,ava.navarro634_CSUCIGIS,Ava Navarro,,Eaton,,7/27/25 0:26,,,Conspicuous_Major_Items_Remain,,,,,,,,,-118.155186,34.18362488,,,,,
66,98da2ad2-6c74-410a-996a-fd52d6c62e42,7/27/25 0:28,,7/27/25 0:28,,Tim Whitfield,,Eaton,,7/27/25 0:28,,,Clean-Up_Done,,,,,,,,,-118.1551965,34.18429871,Government Cleaned-Up,Clean-up Status,positive,1,0.5
67,5e748d36-d691-491b-a41e-51538331c5ed,7/27/25 0:29,,7/27/25 0:29,,Nicole Kouyoumdjian,,Eaton,,7/27/25 0:29,,,,,County,,,,,,,-118.1551927,34.18426902,Government Cleaned-Up,Clean-up Status,positive,1,0.5
68,148b739b-f0a7-4a7a-b411-744b3f114305,7/27/25 0:30,,7/27/25 0:30,,Nicole Kouyoumdjian,,Eaton,,7/27/25 0:29,,,"Clean-Up_Ongoing,Clean-Up_Done",,County,,Pro-Community,,,,,-118.155196,34.18426464,Pro-Community Not For Sale,Pro-Community,positive,1,0.5
1010,148b739b-f0a7-4a7a-b411-744b3f114305,7/27/25 0:30,,7/27/25 0:30,,Nicole Kouyoumdjian,,Eaton,,7/27/25 0:29,,,"Clean-Up_Ongoing,Clean-Up_Done",,County,,Pro-Community,,,,,-118.155196,34.18426464,Government Cleaned-Up,Clean-up Status,positive,2,0.5
69,21975f6e-9370-401a-96f4-1b18a93d4f21,7/27/25 0:30,ava.navarro634_CSUCIGIS,7/27/25 0:30,ava.navarro634_CSUCIGIS,Ava Navarro,,Eaton,,7/27/25 0:29,,,,,,,Pro-Community,,,,,-118.1551826,34.18428594,Pro-Community,Pro-Community,positive,1,0.5
70,0fd46cea-f99a-4623-be46-8e71f2cbb628,7/27/25 0:32,steven.cardoza804_CSUCIGIS,7/27/25 0:32,steven.cardoza804_CSUCIGIS,Steven Cardoza,,Eaton,,7/27/25 0:28,,,Clean-Up_Done,,"Federal,County,State",,Pro-Community,,,,"One can see a for sale sign in the background of a dishevelled Altadena Strong, a potential symbol for split attitudes within this post-disaster communities.",-118.1552129,34.18450634,Pro-Community Not For Sale,Pro-Community,positive,1,0.5
1011,0fd46cea-f99a-4623-be46-8e71f2cbb628,7/27/25 0:32,steven.cardoza804_CSUCIGIS,7/27/25 0:32,steven.cardoza804_CSUCIGIS,Steven Cardoza,,Eaton,,7/27/25 0:28,,,Clean-Up_Done,,"Federal,County,State",,Pro-Community,,,,"One can see a for sale sign in the background of a dishevelled Altadena Strong, a potential symbol for split attitudes within this post-disaster communities.",-118.1552129,34.18450634,Government Cleaned-Up,Clean-up Status,positive,2,0.5
71,e86e3b86-458a-4e6f-8d1a-7b62b465ee54,7/27/25 0:32,ava.navarro634_CSUCIGIS,7/27/25 0:32,ava.navarro634_CSUCIGIS,Ava Navarro,,Eaton,,7/27/25 0:31,,,Clean-Up_Done,,Private_Sector-Home_Buyers,,For_Sale-Ad,,,,,-118.1551987,34.18457157,For Sale,Sale Offer,negative,1,0.5
72,26239283-1dbe-4b73-8aa2-a8545c194d71,7/27/25 0:34,,7/27/25 0:34,,,,Eaton,,7/27/25 0:33,,,"Clean-Up_Ongoing,Clean-Up_Done",,"County,Private_Sector-Home_Buyers",,Pro-Community,,,,"For Sale sign across the street from """"Alta Dena Not For Sale"""" sign",-118.1552047,34.18486823,Pro-Community,Pro-Community,positive,1,0.5
73,78bbb263-7e48-4f36-a3f1-3249087b7f35,7/27/25 0:39,steven.cardoza804_CSUCIGIS,7/29/25 8:18,sean.anderson_CSUCIGIS,,,Eaton,,7/27/25 0:36,,,"Clean-Up_Done,Clean-Up_Not_Started",,Private_Sector-Home_Buyers,,For_Sale-Ad,,,,An Equal Housing Opportunity ad which encourages the selling of ones potentially unmanageable property.,-118.1552144,34.18550676,Realtor Sale Ad,Ads-Neutral,neutral,1,0.5
74,46294e6c-3915-4827-a8d6-f737e5a3f332,7/27/25 0:39,,7/27/25 0:39,,Nicole Kouyoumdjian,,Eaton,,7/27/25 0:35,,,"Clean-Up_Ongoing,Clean-Up_Done",,County,,,,,,Trash around the corp signs,-118.1552393,34.18552679,Government Cleaned-Up,Clean-up Status,positive,1,0.5
75,7f494cfd-621f-423a-b0c8-e4565c3c1d47,7/27/25 0:41,,7/27/25 0:41,,Nicole Kouyoumdjian,,Eaton,,7/27/25 0:40,,,"Clean-Up_Ongoing,Clean-Up_Done",,other,DINS,,,,,Possibly tagged to check off cadaver search,-118.1551946,34.18568845,,,,,
76,773fea95-e2ec-4b80-8cec-51242c6d48f9,7/27/25 0:45,steven.cardoza804_CSUCIGIS,7/27/25 0:45,steven.cardoza804_CSUCIGIS,Steven Cardoza,,Eaton,,7/27/25 0:44,,,"Conspicuous_Major_Items_Remain,Clean-Up_Done,other","Trash, furniture and burnt tree stumps in front of property.","Private_Sector-Home_Buyers,Private_Sector-other",,For_Sale-Ad,,,,An Equal Housing Opportunity ad which encourages the selling of ones potentially unmanageable property.,-118.1552435,34.18550931,Realtor Sale Ad,Ads-Neutral,neutral,1,0.5
77,5bf2f975-5e20-429c-85c9-ca194fc684bf,7/27/25 0:48,,7/27/25 0:48,,Nicole Kouyoumdjian,,Eaton,,7/27/25 0:47,,,,,Private_Sector-other,,other,Predatory Ad,,,,-118.1548722,34.1868922,Builder Ad,Ads-Neutral,neutral,1,0.5
78,90add3e4-6635-4902-aa60-8f6a7abb42c3,7/27/25 0:48,,7/27/25 0:48,,Tim Whitfield,,Eaton,,7/27/25 0:47,,,,,,,other,Missing cats from the fire,,,,-118.1548616,34.18688459,Missing Pets,Fire Damage,negative,1,0.5
79,0162f06d-59db-4f07-ac84-8248221bc7b6,7/27/25 0:49,,7/27/25 0:49,,Nicole Kouyoumdjian,,Eaton,,7/27/25 0:49,,,"Clean-Up_Ongoing,Clean-Up_Done,Conspicuous_Major_Items_Remain",,"County,Federal",,,,,,,-118.1538797,34.18645034,Government Cleaned-Up,Clean-up Status,positive,1,0.5
80,e3ad4163-fe23-4a08-9f9d-19fdea4750ca,7/27/25 0:55,,7/27/25 0:55,,Nicole Kouyoumdjian,,Eaton,,7/27/25 0:52,,,"Clean-Up_Ongoing,Clean-Up_Done",,Private_Sector-other,,other,Predatory Ad,,,Flier stuffed into gate of destroyed property,-118.1523619,34.18569142,Realtor Sale Ad,Ads-Neutral,neutral,1,0.5
81,314219c6-1330-4f79-926b-4ec645e6af4f,7/27/25 0:55,ava.navarro634_CSUCIGIS,7/27/25 0:55,ava.navarro634_CSUCIGIS,Ava Navarro,,Eaton,,7/27/25 0:52,,,,,,,other,Predatory ,,,,-118.1521825,34.18556303,Rebuilding-Construction Sign,Rebuilding,positive,1,0.5
82,565800a7-28de-48fd-baaf-2357586ae70d,7/27/25 0:56,ava.navarro634_CSUCIGIS,7/29/25 8:17,sean.anderson_CSUCIGIS,Ava Navarro,,Eaton,,7/27/25 0:55,,,Clean-Up_Done,,,,Trespass_Warning,,,,,-118.1518092,34.18551883,Security-Stay Away,Security-Negative,negative,1,0.5
83,21b2abcd-8fac-471f-85b0-accba555040c,7/27/25 0:57,,7/27/25 0:57,,Nicole Kouyoumdjian,,Eaton,,7/27/25 0:55,,,"Clean-Up_Ongoing,Clean-Up_Done",,"Federal,County",,,,,,"Broken glass across from burned homes and ""No Trespassing"" sign",-118.1518629,34.18546674,Security-Stay Away,Security-Negative,negative,1,0.5
84,7b1efdd3-87c8-4be9-94c9-d89f570f1c75,7/27/25 0:59,,7/27/25 0:59,,Tim Whitfield,,Eaton,,7/27/25 0:58,,,,,Private_Sector-Lawyers,,"Pro-Community,other",Religious sign/ predatory ad,,,Religious ad below a billboard about suing Edison.,-118.1510269,34.18488664,Lawyer-Ambulance Chaser,Lawyers,negative,1,0.5
1012,7b1efdd3-87c8-4be9-94c9-d89f570f1c75,7/27/25 0:59,,7/27/25 0:59,,Tim Whitfield,,Eaton,,7/27/25 0:58,,,,,Private_Sector-Lawyers,,"Pro-Community,other",Religious sign/ predatory ad,,,Religious ad below a billboard about suing Edison.,-118.1510269,34.18488664,Religious Appeal,Religion,positive,1,0.5
85,50dd77e8-116b-4c78-84e4-3c40f350d241,7/27/25 1:03,sean.anderson_CSUCIGIS,7/27/25 1:03,sean.anderson_CSUCIGIS,Sean Anderson,,Eaton,,7/27/25 1:02,,,,,State,,Pro-Community,,,,Unlicensed Contractors Beware,-118.1487681,34.19209155,Warnings-Avoid Scams,Education,positive,1,0.5
86,84b02685-9de5-4325-9678-33d3ec2c6766,7/27/25 1:04,,7/27/25 1:04,,Nicole Kouyoumdjian,,Eaton,,7/27/25 1:02,,,"Clean-Up_Ongoing,Burned_Cars_Remain",,State,,,,,,Unlicensed contractors we see you,-118.1487034,34.19213472,,,,,
87,c0da3441-ed83-4aa7-9480-f9a8adf9bbfb,7/27/25 1:05,steven.cardoza804_CSUCIGIS,7/27/25 1:05,steven.cardoza804_CSUCIGIS,Steven Cardoza,,Eaton,,7/27/25 1:01,,,"Clean-Up_Done,Conspicuous_Major_Items_Remain,Clean-Up_Not_Started,Clean-Up_Ongoing",,,,,,,,A campy and beautiful visual summary of Altadena pride and attitudes at the wake of the ravaging wildfires. Note the shirt and the sign at the bottom of the werewolf's feet.,-118.148677,34.19212213,Pro-Community Pride,Pro-Community,positive,1,0.5
1013,c0da3441-ed83-4aa7-9480-f9a8adf9bbfb,7/27/25 1:05,steven.cardoza804_CSUCIGIS,7/27/25 1:05,steven.cardoza804_CSUCIGIS,Steven Cardoza,,Eaton,,7/27/25 1:01,,,"Clean-Up_Done,Conspicuous_Major_Items_Remain,Clean-Up_Not_Started,Clean-Up_Ongoing",,,,,,,,A campy and beautiful visual summary of Altadena pride and attitudes at the wake of the ravaging wildfires. Note the shirt and the sign at the bottom of the werewolf's feet.,-118.148677,34.19212213,Pro-Community Art & Memory,Pro-Community,positive,2,0.5
88,e734e304-3d83-4078-b0e6-5eeedcecfb86,7/27/25 1:35,john.maines545_CSUCIGIS,7/27/25 1:35,john.maines545_CSUCIGIS,John Maines,,Eaton,,7/27/25 0:14,,,,,,,Pro-Community,,,,Altadwna strong sign at 24 hr fitness,-118.1598045,34.18283809,Pro-Community Pride,Pro-Community,positive,1,0.5
89,411cf785-de5d-4fce-80d4-0fc10d5d511d,7/27/25 1:35,john.maines545_CSUCIGIS,7/27/25 1:35,john.maines545_CSUCIGIS,John Maines,,Eaton,,7/27/25 0:16,,,,,,,other,Predatory advertising,,,Ad for lawyer afyer fire stuff,-118.1592905,34.18273238,Lawyer-Ambulance Chaser,Lawyers,negative,1,0.5
90,2650b797-1f0d-46b7-89f1-167415fc7e0a,7/27/25 1:35,john.maines545_CSUCIGIS,7/27/25 1:35,john.maines545_CSUCIGIS,John Maines,,Eaton,,7/27/25 0:24,,,Burned_Cars_Remain,,,,,,,,"2 burned cars, one saying ""NOT EV"" on the hood",-118.1553854,34.18301274,,,,,
91,4964c6d5-64a9-4e55-a626-ee123d685b4f,7/27/25 1:35,john.maines545_CSUCIGIS,7/27/25 1:35,john.maines545_CSUCIGIS,John Maines,,Eaton,,7/27/25 0:29,,,,,,,"Pro-Community,For_Sale-Ad",,,,Altadena not for sale sign on the ground with a for sale ad in the background,-118.1551882,34.18424615,Pro-Community Not For Sale,Pro-Community,positive,1,0.5
92,f530fe87-0fec-40c3-86bd-19ae52945871,7/27/25 1:35,john.maines545_CSUCIGIS,7/27/25 1:35,john.maines545_CSUCIGIS,John Maines,,Eaton,,7/27/25 0:34,,,"Clean-Up_Done,Conspicuous_Major_Items_Remain",,,,other,"Unsafe home, no entry sign",,,Cleanup complete sign out front with an u safe house no entry sign on the house in the background,-118.1551951,34.18523663,Government Cleaned-Up,Clean-up Status,positive,1,0.5
1014,f530fe87-0fec-40c3-86bd-19ae52945871,7/27/25 1:35,john.maines545_CSUCIGIS,7/27/25 1:35,john.maines545_CSUCIGIS,John Maines,,Eaton,,7/27/25 0:34,,,"Clean-Up_Done,Conspicuous_Major_Items_Remain",,,,other,"Unsafe home, no entry sign",,,Cleanup complete sign out front with an u safe house no entry sign on the house in the background,-118.1551951,34.18523663,Condemed,Fire Damage,negative,2,0.5
93,a6e432cd-d2c9-4be7-a120-e93dc03b21dd,7/27/25 1:35,john.maines545_CSUCIGIS,7/27/25 1:35,john.maines545_CSUCIGIS,John Maines,,Eaton,,7/27/25 1:03,,,,,,,Pro-Community,,,,Altadena not for sale,-118.1487259,34.19216322,Pro-Community Not For Sale,Pro-Community,positive,1,0.5
94,214a51ec-9b36-4f25-b4d6-e59595f9f8a1,7/27/25 1:35,john.maines545_CSUCIGIS,7/27/25 1:35,john.maines545_CSUCIGIS,John Maines,,Eaton,,7/27/25 1:04,,,,,,,Pro-Community,,,,,-118.1502532,34.19260765,Pro-Community Art & Memory,Pro-Community,positive,1,0.5
95,05afe00c-f42f-40fb-a5aa-2446a7dded99,7/27/25 2:40,jonathan.campos584_CSUCIGIS,7/27/25 2:40,jonathan.campos584_CSUCIGIS,Jonathan Campos,,Eaton,,7/27/25 2:39,,,,,,,Pro-Community,,,,,-118.13885,34.18015965,Pro-Community Strong,Pro-Community,positive,1,0.5
96,7c7a0236-bbc4-4e61-bd11-538dd99af114,7/27/25 2:40,jonathan.campos584_CSUCIGIS,7/27/25 2:40,jonathan.campos584_CSUCIGIS,Jonathan Campos,,Eaton,,7/27/25 2:40,,,,,,,Pro-Community,,,,,-118.1388516,34.18008849,Pro-Community Strong,Pro-Community,positive,1,0.5
97,a0688a8f-a4f0-4911-9148-7b9bd9ea8385,7/27/25 3:27,ava.navarro634_CSUCIGIS,7/27/25 3:27,ava.navarro634_CSUCIGIS,Ava Navarro,,Eaton,,7/27/25 3:26,,,,,Private_Sector-Lawyers,,,,,,,-118.1597381,34.175174,Lawyer-Ambulance Chaser,Lawyers,negative,1,0.5
98,d8fa8449-1aba-40e2-8f2c-4bed1163936f,7/27/25 3:48,john.maines545_CSUCIGIS,7/27/25 3:48,john.maines545_CSUCIGIS,John Maines,,Eaton,,7/27/25 3:25,,,,,,,Pro-Community,,,,Possible pro trump but also i hope pro community,-118.1538196,34.19656293,Pro-Community Pride,Pro-Community,positive,1,0.5
99,e00c6517-dc84-4dce-af47-fb733c5e2c40,7/27/25 19:11,sean.anderson_CSUCIGIS,7/27/25 19:11,sean.anderson_CSUCIGIS,Sean Anderson,,Eaton,,7/27/25 19:11,,,,,,,Pro-Community,,,,Altadena Not For Sale,-118.1553185,34.1970451,Pro-Community Not For Sale,Pro-Community,positive,1,0.5
100,b1ffa5fe-ede4-4f8d-adbf-fd2ac00a1b56,7/27/25 19:18,steven.cardoza804_CSUCIGIS,7/27/25 19:18,steven.cardoza804_CSUCIGIS,Steven Cardoza,,Eaton,,7/27/25 19:15,,,Clean-Up_Done,,County,,other,"Sign on powerline saying """"we build fire safe homes 4242020278 licensed and insured 33 years experienced",,,,-118.1538576,34.20013636,Security-Stay Away,Security-Negative,negative,1,0.5
1015,b1ffa5fe-ede4-4f8d-adbf-fd2ac00a1b56,7/27/25 19:18,steven.cardoza804_CSUCIGIS,7/27/25 19:18,steven.cardoza804_CSUCIGIS,Steven Cardoza,,Eaton,,7/27/25 19:15,,,Clean-Up_Done,,County,,other,"Sign on powerline saying """"we build fire safe homes 4242020278 licensed and insured 33 years experienced",,,,-118.1538576,34.20013636,Government Cleaned-Up,Clean-up Status,positive,2,0.5
101,b50bc140-6497-4eba-92b5-124ea5df3807,7/27/25 19:24,sean.anderson_CSUCIGIS,7/27/25 19:24,sean.anderson_CSUCIGIS,Sean Anderson,,Eaton,,7/27/25 19:22,,,,,Private_Sector-other,,,,,,We build FIRE SAFE HOMES Ad,-118.1538528,34.20012414,Builder Ad,Ads-Neutral,neutral,1,0.5
102,25e0eac2-e811-47d7-ad88-46cceac3d31c,7/27/25 21:46,ava.navarro634_CSUCIGIS,7/27/25 21:46,ava.navarro634_CSUCIGIS,Ava Navarro,,Eaton,,7/27/25 21:45,,,Clean-Up_Done,,,,,,,,,-118.1474908,34.19694685,Rebuilding-Mitigation,Rebuilding,positive,1,0.5
103,12517ad9-4215-4d85-b02b-b669f9226a15,7/27/25 22:28,sean.anderson_CSUCIGIS,7/27/25 22:28,sean.anderson_CSUCIGIS,Sean Anderson,,Eaton,,7/27/25 22:25,,,,,,,Pro-Community,,,,Altadena Strong & Altadena Not For Sale at Madrid’s House,-118.1122846,34.18975714,Pro-Community Strong,Pro-Community,positive,1,0.5
1016,12517ad9-4215-4d85-b02b-b669f9226a15,7/27/25 22:28,sean.anderson_CSUCIGIS,7/27/25 22:28,sean.anderson_CSUCIGIS,Sean Anderson,,Eaton,,7/27/25 22:25,,,,,,,Pro-Community,,,,Altadena Strong & Altadena Not For Sale at Madrid’s House,-118.1122846,34.18975714,Pro-Community Not For Sale,Pro-Community,positive,2,0.5
104,36ca407e-d522-4fce-8b98-8078afbd9b9f,7/27/25 22:32,sean.anderson_CSUCIGIS,7/27/25 22:32,sean.anderson_CSUCIGIS,,,Eaton,,7/27/25 22:31,,,,,,,Pro-Community,,,,We Love Altadena,-118.1122959,34.190713,Pro-Community Pride,Pro-Community,positive,1,0.5
105,18eebfb5-8162-42e0-a70f-99e2d22d92e3,7/27/25 22:32,,7/27/25 22:32,,Judy Bibian,,Eaton,,7/27/25 22:31,,,,,,,Pro-Community,,,,,-118.1122744,34.19069482,Pro-Community Pride,Pro-Community,positive,1,0.5
106,4480c590-1e3b-46ba-b2c4-abfff3bba4d1,7/27/25 22:34,,7/27/25 22:34,,Judy Bibian,,Eaton,,7/27/25 22:33,,,,,,,Pro-Community,,,,,-118.1256176,34.19037815,Pro-Community Pride,Pro-Community,positive,1,0.5
107,84d767d1-43e0-4b0e-a7ad-15ba638409a8,7/28/25 0:30,sean.anderson_CSUCIGIS,7/28/25 0:30,sean.anderson_CSUCIGIS,Sean Anderson,,Eaton,,7/28/25 0:28,,,Clean-Up_Done,,,,,,,,Bauhaus Reconstruction; first building permit for Eaton Fire-destroyed house,-118.147773,34.19719413,Rebuilding-Construction Sign,Rebuilding,positive,1,0.5
108,fdd82d61-07f1-4b3c-b6f9-8a9068845ed4,7/28/25 20:32,,7/28/25 20:32,,Tim Whitfield,,Eaton,,7/28/25 20:31,,,,,,,Critical_of_Gov't,,,,,-118.604392,34.08900931,Pro-Community Pride,Pro-Community,positive,1,0.5
1017,fdd82d61-07f1-4b3c-b6f9-8a9068845ed4,7/28/25 20:32,,7/28/25 20:32,,Tim Whitfield,,Eaton,,7/28/25 20:31,,,,,,,Critical_of_Gov't,,,,,-118.604392,34.08900931,Pro-Environment,Pro-Environment,positive,2,0.5
109,9fee7da3-99b3-4a6f-9b7f-64241648a545,7/28/25 20:38,,7/28/25 20:38,,Tim Whitfield,,Eaton,,7/28/25 20:37,,,,,,,Critical_of_Gov't,,,,,-118.6043901,34.0885143,Pro-Environment,Pro-Environment,positive,1,0.5
110,946798ed-ec34-4bd7-adc5-efacd67843c4,7/28/25 22:33,,7/28/25 22:33,,Tim Whitfield,,Eaton,,7/28/25 22:33,,,Clean-Up_Ongoing,,,,,,,,,-118.6043299,34.08858764,,,,,
111,f8ebe6a2-d639-4e17-9156-6a44cd6e81d2,7/28/25 22:43,,7/28/25 22:43,,Tim Whitfield,,Eaton,,7/28/25 22:41,,,,,,,"Critical_of_Gov't,Conspiracy",,,,,-118.6043453,34.08860825,Government Conspiracy,Negative Government,negative,1,0.5
112,cee24256-7c4d-4f81-992b-b92508500eec,7/28/25 22:46,,7/28/25 22:46,,Tim Whitfield,,Eaton,,7/28/25 22:46,,,,,,,other,Art,,,,-118.6035063,34.08926299,Pro-Community Art & Memory,Pro-Community,positive,1,0.5
113,195b9f28-65ab-454f-89aa-99d39670fb26,7/28/25 22:51,john.maines545_CSUCIGIS,7/28/25 22:51,john.maines545_CSUCIGIS,John Maines,,Palisades,,7/28/25 22:50,,,,,,,other,Warning sign against fireworks,,,"No fireworks in topanga, may be inspired by the fire",-118.6039084,34.08966119,Government-Rules,Clean-up Rules,neutral,1,0.5
114,6e08790f-c487-4417-8f36-6791cb9bab52,7/29/25 1:10,sophia.hoolihan373_CSUCIGIS,7/29/25 1:10,sophia.hoolihan373_CSUCIGIS,Sophia Hoolihan,,Palisades,,7/28/25 22:46,,,,,,,other,Positivity,,,,-118.6034961,34.08927668,Pro-Community Art & Memory,Pro-Community,positive,1,0.5
115,8f9f67fa-5a03-47fa-8e8a-8b622068c45a,7/29/25 14:53,sean.anderson_CSUCIGIS,7/29/25 14:53,sean.anderson_CSUCIGIS,Sean Anderson,,Palisades,,7/29/25 14:53,Police,,,,,,,,,,,-118.6573022,34.0390446,,,,,
116,a8c81a57-63df-4f2e-971c-e7eb1b3a6b9d,7/29/25 14:55,sean.anderson_CSUCIGIS,7/29/25 14:55,sean.anderson_CSUCIGIS,,,Palisades,,7/29/25 14:53,,,,,,,other,Predatory Debris Remival Sign,,,,-118.6458313,34.03861169,Predatory Ad,Ads-Negative,negative,1,0.5
1018,a8c81a57-63df-4f2e-971c-e7eb1b3a6b9d,7/29/25 14:55,sean.anderson_CSUCIGIS,7/29/25 14:55,sean.anderson_CSUCIGIS,,,Palisades,,7/29/25 14:53,,,,,,,other,Predatory Debris Remival Sign,,,,-118.6458313,34.03861169,Rebuilding-Construction Sign,Rebuilding,positive,2,0.5
117,43f27010-7f03-4230-a154-89a75f095537,7/29/25 15:05,,7/29/25 15:05,,Judy Bibian,,Palisades,,7/29/25 15:03,,,,,Private_Sector-Clean-Up,,,,,,,-118.5793232,34.04000858,Predatory Ad,Ads-Negative,negative,1,0.5
118,7f8ddc9c-9a73-422c-982c-11a7ed6fd68f,7/29/25 15:47,sean.anderson_CSUCIGIS,7/29/25 15:47,sean.anderson_CSUCIGIS,Sean Anderson,,Palisades,,7/29/25 14:55,,,Clean-Up_Ongoing,,,,,,,,Duke’s still rebuikding,-118.6344418,34.03718874,Rebuilding-Construction Sign,Rebuilding,positive,1,0.5
119,fa32e1aa-bedc-47b8-9c0d-425e7214337e,7/29/25 15:47,sean.anderson_CSUCIGIS,7/29/25 15:47,sean.anderson_CSUCIGIS,,,,,7/29/25 14:57,,,Clean-Up_Ongoing,,,,,,,,Clean-up on a PCH property,-118.6218402,34.0380421,Rebuilding-Construction Sign,Rebuilding,positive,1,0.5
120,382fe6e9-2d99-47ce-9499-dcc0ef716a2c,7/29/25 15:47,sean.anderson_CSUCIGIS,7/29/25 15:47,sean.anderson_CSUCIGIS,,,,,7/29/25 14:58,,,,,other,Predatory Debris Removal sign on PCH telephone pole,,,,,,-118.6079428,34.03748746,Rebuilding-Construction Sign,Rebuilding,positive,1,0.5
1019,382fe6e9-2d99-47ce-9499-dcc0ef716a2c,7/29/25 15:47,sean.anderson_CSUCIGIS,7/29/25 15:47,sean.anderson_CSUCIGIS,,,,,7/29/25 14:58,,,,,other,Predatory Debris Removal sign on PCH telephone pole,,,,,,-118.6079428,34.03748746,Predatory Ad,Ads-Negative,negative,2,0.5
121,127c1475-386e-4a19-9fca-42a0090d1605,7/29/25 15:47,sean.anderson_CSUCIGIS,7/29/25 15:47,sean.anderson_CSUCIGIS,Sean Anderson,,,,7/29/25 15:01,Police,,,,,,,,,,LA County sherrif parjed along PCH,-118.5898055,34.03944406,Security-Stay Away,Security-Negative,negative,1,0.5
122,184c8b6c-6e79-4c6d-8487-f230dc8d4515,7/29/25 15:47,sean.anderson_CSUCIGIS,7/29/25 15:47,sean.anderson_CSUCIGIS,Sean Anderson,,Palisades,,7/29/25 15:01,,,Clean-Up_Done,,,,,,,,Fences around corner Topanga Feed property-now construction HQ,-118.5796987,34.04001576,Rebuilding-Construction Sign,Rebuilding,positive,1,0.5
123,421b6ef7-daa2-4cf3-835d-60a2b1e13596,7/29/25 15:47,sean.anderson_CSUCIGIS,7/29/25 15:47,sean.anderson_CSUCIGIS,Sean Anderson,,Palisades,,7/29/25 15:03,,,,,,,other,Enter at Own Risk state sign,,,,-118.5796156,34.0400147,Security-Stay Away,Security-Negative,negative,1,0.5
124,39912021-197a-4201-be7c-dd6f0f4af503,7/29/25 15:47,sean.anderson_CSUCIGIS,7/29/25 15:47,sean.anderson_CSUCIGIS,Sean Anderson,,,,7/29/25 15:04,,,Clean-Up_Done,,,,,,,,Getty Villa open again,-118.5679209,34.04177551,Rebuilding-Construction Sign,Rebuilding,positive,1,0.5
125,f39a7923-1f63-4e8a-b150-e0b1c88f9ce2,7/29/25 16:08,john.maines545_CSUCIGIS,7/29/25 16:08,john.maines545_CSUCIGIS,John Maines,,Palisades,,7/29/25 16:07,Police,,,,,,,,,,,-118.5540574,34.03901622,Security-Stay Away,Security-Negative,negative,1,0.5
126,57bcfa80-a151-4415-8729-5f1483150fbe,7/29/25 16:15,sean.anderson_CSUCIGIS,7/29/25 16:15,sean.anderson_CSUCIGIS,Sean Anderson,,Palisades,,7/29/25 16:14,,,,,,,Pro-Community,,,,Palsades Strong sign at Starbuck’s in Vons,-118.5540652,34.03906195,Pro-Community Strong,Pro-Community,positive,1,0.5
127,7944c8e5-b45b-4f4a-a79c-57c485500bbf,7/29/25 16:26,,7/29/25 16:26,,Tim Whitfield,,Palisades,,7/29/25 16:25,,,,,,,Pro-Community,,,,,-118.5558157,34.04266817,Pro-Community Strong,Pro-Community,positive,1,0.5
128,e154e783-3655-4738-999b-b84a96d3dcf7,7/29/25 16:30,,7/29/25 16:30,,Tim Whitfield,,Palisades,,7/29/25 16:26,Private_Security,,,,,,,,,,,-118.55793,34.0443448,Security-Stay Away,Security-Negative,negative,1,0.5
129,e20dab39-5885-4001-b0fa-2c210faed43b,7/29/25 17:13,,7/29/25 17:13,,Judy Bibian,,Palisades,,7/29/25 17:11,,,,,,,other,Restoration,,,,-118.5578849,34.04444169,Damaged Park,Fire Damage,negative,1,0.5
130,16ad38d2-37f1-4bac-bf4b-87ac45e3033f,7/29/25 18:15,zachary.adkins841_CSUCIGIS,7/29/25 18:15,zachary.adkins841_CSUCIGIS,Zach Adkins,,Palisades,,7/29/25 18:11,Private_Security,,Clean-Up_Done,,"Private_Sector-other,Private_Sector-Clean-Up",,Construction/Rebuilding,,,,,-118.5551999,34.04235039,Builder Ad,Ads-Neutral,neutral,1,0.5
1020,16ad38d2-37f1-4bac-bf4b-87ac45e3033f,7/29/25 18:15,zachary.adkins841_CSUCIGIS,7/29/25 18:15,zachary.adkins841_CSUCIGIS,Zach Adkins,,Palisades,,7/29/25 18:11,Private_Security,,Clean-Up_Done,,"Private_Sector-other,Private_Sector-Clean-Up",,Construction/Rebuilding,,,,,-118.5551999,34.04235039,Soil Testing Ad,Ads-Neutral,neutral,2,0.5
1021,16ad38d2-37f1-4bac-bf4b-87ac45e3033f,7/29/25 18:15,zachary.adkins841_CSUCIGIS,7/29/25 18:15,zachary.adkins841_CSUCIGIS,Zach Adkins,,Palisades,,7/29/25 18:11,Private_Security,,Clean-Up_Done,,"Private_Sector-other,Private_Sector-Clean-Up",,Construction/Rebuilding,,,,,-118.5551999,34.04235039,Builder Ad,Ads-Neutral,neutral,3,0.5
131,e5737ec4-e341-48fb-b52c-9f09f63539ca,7/29/25 18:38,sean.anderson_CSUCIGIS,7/29/25 18:38,sean.anderson_CSUCIGIS,Sean Anderson,,Palisades,,7/29/25 18:34,,,,,,,Construction/Rebuilding,,,,Sign at Anawalt’s Palisades Hardware,-118.5242268,34.04555827,Rebuilding-Mitigation,Rebuilding,positive,1,0.5
132,fe30c2ad-4f1a-4d23-8005-4471420d8839,7/29/25 20:06,,7/29/25 20:06,,Judy Bibian,,Palisades,,7/29/25 20:04,,,Clean-Up_Ongoing,,,,Construction/Rebuilding,,,,,-118.5317414,34.04899732,Rebuilding-Construction Sign,Rebuilding,positive,1,0.5
133,87ac434f-e455-42ab-afd8-5b5411a1baf9,7/29/25 20:06,,7/29/25 20:06,,Tim Whitfield,,Palisades,,7/29/25 20:05,,,Clean-Up_Ongoing,,,,Construction/Rebuilding,,,,,-118.5288405,34.04929736,Builder Ad,Ads-Neutral,neutral,1,0.5
134,720180e6-bc36-4649-878f-7f0cc7304f10,7/29/25 20:07,,7/29/25 20:07,,Judy Bibian,,Palisades,,7/29/25 20:06,,,,,,,Pro-Community,,,,,-118.5270926,34.04757568,Pro-Community Strong,Pro-Community,positive,1,0.5
135,471152d9-e4fe-4f7f-ae8b-48ead926e2b0,7/29/25 20:35,ava.navarro634_CSUCIGIS,7/29/25 20:35,ava.navarro634_CSUCIGIS,Ava Navarro,,Palisades,,7/29/25 20:34,,,,,,,Trespass_Warning,,,,,-118.5305578,34.04358188,Security-Stay Away,Security-Negative,negative,1,0.5
136,9c019740-176d-40c2-a271-9ff70b1ed333,7/29/25 20:36,ava.navarro634_CSUCIGIS,7/29/25 20:36,ava.navarro634_CSUCIGIS,Ava Navarro,,Palisades,,7/29/25 20:35,,,Clean-Up_Done,,Private_Sector-Clean-Up,,,,,,,-118.530552,34.04366452,,,,,
137,4e7a3d74-38e9-4e1a-b576-3b0da9a2ce11,7/29/25 20:38,ava.navarro634_CSUCIGIS,7/29/25 20:38,ava.navarro634_CSUCIGIS,Ava Navarro,,Palisades,,7/29/25 20:37,,,Clean-Up_Done,,Private_Sector-Clean-Up,,,,,,,-118.530541,34.04383315,Rebuilding-Construction Sign,Rebuilding,positive,1,0.5
138,7677185f-512e-4881-9017-4d14e9ed96af,7/29/25 20:40,ava.navarro634_CSUCIGIS,7/29/25 20:40,ava.navarro634_CSUCIGIS,Ava Navarro,,Palisades,,7/29/25 20:38,,,Clean-Up_Done,,,,Trespass_Warning,,,,,-118.5302696,34.04423067,Security-Stay Away,Security-Negative,negative,1,0.5
1022,7677185f-512e-4881-9017-4d14e9ed96af,7/29/25 20:40,ava.navarro634_CSUCIGIS,7/29/25 20:40,ava.navarro634_CSUCIGIS,Ava Navarro,,Palisades,,7/29/25 20:38,,,Clean-Up_Done,,,,Trespass_Warning,,,,,-118.5302696,34.04423067,Government Cleaned-Up,Clean-up Status,positive,2,0.5
139,c4dbdd52-c941-473d-8e9e-d008b0976844,7/29/25 20:44,sean.anderson_CSUCIGIS,7/29/25 20:44,sean.anderson_CSUCIGIS,Sean Anderson,,Palisades,,7/29/25 20:41,,,Clean-Up_Done,,,,For_Sale-Ad,,,,701 Radcliffe Avenue- Analfi Estates; 10% of commission donated to charity,-118.5306886,34.04319876,For Sale,Sale Offer,negative,1,0.5
140,549287b9-9325-4859-9850-28041729949c,7/29/25 20:51,sean.anderson_CSUCIGIS,7/29/25 20:51,sean.anderson_CSUCIGIS,Sean Anderson,,Palisades,,7/29/25 20:49,,,,,,,Trespass_Warning,,,,Closed to public with barbed wire,-118.5305342,34.04301892,Security-Stay Away,Security-Negative,negative,1,0.5
141,1a48325d-8c76-4f16-8796-5ac6d65c9609,7/29/25 20:52,ava.navarro634_CSUCIGIS,7/29/25 20:52,ava.navarro634_CSUCIGIS,Ava Navarro,,,,7/29/25 20:40,,,Clean-Up_Done,,Federal,,,,,,,-118.5302309,34.04430312,Government Cleaned-Up,Clean-up Status,positive,1,0.5
142,87b4ec55-235e-4414-bc97-c5bea8b53738,7/29/25 20:52,ava.navarro634_CSUCIGIS,7/29/25 20:52,ava.navarro634_CSUCIGIS,Ava Navarro,,Palisades,,7/29/25 20:41,,,Clean-Up_Done,,Private_Sector-Clean-Up,,,,,,,-118.5302504,34.04421897,Rebuilding-Construction Sign,Rebuilding,positive,1,0.5
143,ecd70ddc-4d49-4f0a-89b2-7c023941c29c,7/29/25 20:52,ava.navarro634_CSUCIGIS,7/29/25 20:52,ava.navarro634_CSUCIGIS,Ava Navarro,,Palisades,,7/29/25 20:44,,,,,,,,,Pink_Polkadots_Flag,,,-118.5306684,34.04319078,,,,,
144,85c376a8-3462-4081-9b50-1460210e975b,7/29/25 20:52,ava.navarro634_CSUCIGIS,7/29/25 20:52,ava.navarro634_CSUCIGIS,Nicole Kouyoumdjian,,Palisades,,7/29/25 20:44,,,,,,,,,Pink_Polkadots_Flag,,,-118.5307361,34.04301175,,,,,
145,73baec3d-28c8-4f93-bffe-93658daa46f5,7/29/25 20:53,ava.navarro634_CSUCIGIS,7/29/25 20:53,ava.navarro634_CSUCIGIS,Ava Navarro,,Palisades,,7/29/25 20:46,,,,,,,,,Blue_Paint,,,-118.5308049,34.04277721,,,,,
146,19f3e8f2-4cea-4857-8e03-76bf1ee9780b,7/29/25 20:54,ava.navarro634_CSUCIGIS,7/29/25 20:54,ava.navarro634_CSUCIGIS,Ava Navarro,,Palisades,,7/29/25 20:46,,,Clean-Up_Done,,,,Pro-Community,,,,,-118.530794,34.04276456,Pro-Community Strong,Pro-Community,positive,1,0.5
147,1bf354d7-5373-4786-8115-c3b85575ec73,7/29/25 20:54,ava.navarro634_CSUCIGIS,7/29/25 20:54,ava.navarro634_CSUCIGIS,Ava Navarro,,Palisades,,7/29/25 20:47,,,,,,,Trespass_Warning,,,,,-118.5308501,34.04254489,Security-Stay Away,Security-Negative,negative,1,0.5
148,97a2ea59-3ae7-4ba1-bf02-f6d49c105f1c,7/29/25 20:55,ava.navarro634_CSUCIGIS,7/29/25 20:55,ava.navarro634_CSUCIGIS,Ava Navarro,,Palisades,,7/29/25 20:49,,,,,,,Construction/Rebuilding,,,,,-118.5306529,34.04263716,Rebuilding-Construction Sign,Rebuilding,positive,1,0.5
149,6937602c-edeb-41c3-add8-7e734da92519,7/29/25 21:03,sean.anderson_CSUCIGIS,7/29/25 21:03,sean.anderson_CSUCIGIS,Sean Anderson,,,,7/29/25 21:01,,,,,,,Pro-Community,,,,Palisades High School Dolphin Mural,-118.5309666,34.04670712,Pro-Environment,Pro-Environment,positive,1,0.5
150,ffd9256b-f00c-4281-ba65-8037d0185ebe,7/29/25 21:05,sean.anderson_CSUCIGIS,7/29/25 21:05,sean.anderson_CSUCIGIS,Sean Anderson,,Palisades,,7/29/25 21:03,,,Clean-Up_Ongoing,,,,Pro-Community,,,,Pali High School Mural,-118.5310012,34.04668576,Pro-Environment,Pro-Environment,positive,1,0.5
151,0c6e956a-f392-4996-9a5d-89b88736266e,7/29/25 21:32,,7/29/25 21:32,,Tim Whitfield,,Palisades,,7/29/25 21:31,,,,,,,Construction/Rebuilding,,,,,-118.5273349,34.04800496,Government-Rules,Clean-up Rules,neutral,1,0.5
152,5f873b1a-bfe1-4cba-839f-59a1a49061e4,7/29/25 21:32,,7/29/25 21:32,,Judy Bibian,,Palisades,,7/29/25 21:30,,,,,Private_Sector-Clean-Up,,Pro-Community,,,,,-118.5292834,34.04953883,Wildfire Resources,Resources,positive,1,0.5
153,a047c1fe-ed76-48b2-8bd6-860b0784fdd3,7/29/25 21:34,,7/29/25 21:34,,Tim Whitfield,,Palisades,,7/29/25 21:33,,,,,,,Pro-Community,,,,,-118.5228285,34.0448248,Pro-Community Pride,Pro-Community,positive,1,0.5
154,626d2f07-67e0-479e-a698-d17e3117ae1b,7/29/25 21:36,,7/29/25 21:36,,Tim Whitfield,,Palisades,,7/29/25 21:35,,,,,,,Pro-Community,,,,,-118.5169115,34.04274563,Pro-Community Pride,Pro-Community,positive,1,0.5
155,8477227f-b1bd-4cfc-a80a-f4c27b2769fe,7/29/25 21:36,,7/29/25 21:36,,Judy Bibian,,Palisades,,7/29/25 21:35,,,,,,,For_Sale-Ad,,,,,-118.5132902,34.0465685,For Sale,Sale Offer,negative,1,0.5
156,2aacf28c-c6ee-4ec1-8278-2fad715294cd,7/29/25 21:36,sophia.hoolihan373_CSUCIGIS,7/29/25 21:36,sophia.hoolihan373_CSUCIGIS,Sophia Hoolihan,,Palisades,,7/29/25 21:32,,,,,State,,"Trespass_Warning,Parking_Restriction",,,,,-118.5132026,34.04754606,Park Closed,Fire Damage,negative,1,0.5
157,7f62cc13-de9a-41d4-8dcb-c5f85824472c,7/29/25 21:38,,7/29/25 21:38,,Tim Whitfield,,Palisades,,7/29/25 21:37,,,,,,,Construction/Rebuilding,,,,,-118.5130379,34.05049025,Builder Ad,Ads-Neutral,neutral,1,0.5
158,51c881fc-f348-4027-85bc-fb4f6968d0d0,7/29/25 21:41,,7/29/25 21:41,,Tim Whitfield,,Palisades,,7/29/25 21:40,Private_Security,,,,,,other,Aggressive sign,Blue_Paint,,,-118.514267,34.04352162,Security-Stay Away,Security-Negative,negative,1,0.5
159,91b98a0a-df38-450d-bfb9-b10391576b1a,7/29/25 21:45,,7/29/25 21:45,,Tim Whitfield,,Palisades,,7/29/25 21:43,Private_Security,,,,,,other,Aggressive signs,,,,-118.5139308,34.03938802,Security-Stay Away,Security-Negative,negative,1,0.5
160,3ffa59d8-9dcb-43ca-ba46-36686a52bcc6,7/29/25 22:07,ava.navarro634_CSUCIGIS,7/29/25 22:07,ava.navarro634_CSUCIGIS,Ava Navarro,,Palisades,,7/29/25 21:39,,,,,,,For_Sale-Ad,,,,,-118.5142019,34.04301289,For Sale,Sale Offer,negative,1,0.5
161,0a0fc8a4-b36d-4b17-8f30-c920a03a6fef,7/29/25 22:07,ava.navarro634_CSUCIGIS,7/29/25 22:07,ava.navarro634_CSUCIGIS,Ava Navarro,,Palisades,,7/29/25 22:06,,,,,,,Construction/Rebuilding,,,,,-118.5149186,34.03928817,Rebuilding-Construction Sign,Rebuilding,positive,1,0.5
162,15d580d6-8f96-43af-9f36-8be737cb19f1,7/29/25 22:08,ava.navarro634_CSUCIGIS,7/29/25 22:08,ava.navarro634_CSUCIGIS,Ava Navarro,,Palisades,,7/29/25 21:38,,,,,,,,,Blue_Paint,,,-118.5121377,34.04945834,,,,,
163,529ff69a-0b43-4a08-8e4f-021527adc67f,7/29/25 22:48,,7/29/25 22:48,,Tim Whitfield,,Palisades,,7/29/25 22:47,,,,,,,For_Sale-Ad,,,,,-118.5156271,34.04321237,For Sale,Sale Offer,negative,1,0.5
164,5e8a7845-64d3-4ba0-95fb-7901f560f01a,7/29/25 22:48,,7/29/25 22:48,,Judy Bibian,,Palisades,,7/29/25 22:45,,,,,,,For_Sale-Ad,,,,,-118.5153204,34.04166812,For Sale,Sale Offer,negative,1,0.5
165,db01ea83-204f-430f-bde2-6a3fd929f758,7/29/25 22:53,,7/29/25 22:53,,Judy Bibian,,Palisades,,7/29/25 22:48,,,,,,,"Pro-Community,Trespass_Warning",,,,,-118.5189026,34.0421313,Pro-Community Pride,Pro-Community,positive,1,0.5
1023,db01ea83-204f-430f-bde2-6a3fd929f758,7/29/25 22:53,,7/29/25 22:53,,Judy Bibian,,Palisades,,7/29/25 22:48,,,,,,,"Pro-Community,Trespass_Warning",,,,,-118.5189026,34.0421313,Security-Stay Away,Security-Negative,negative,2,0.5
166,690d3e9b-32ba-455d-a2b0-64fcf6f211ae,7/29/25 22:53,,7/29/25 22:53,,Tim Whitfield,,Palisades,,7/29/25 22:53,,,,,,,For_Sale-Ad,,,,,-118.519219,34.04329942,For Sale,Sale Offer,negative,1,0.5
167,efedfb1b-0123-41a3-ac76-f90bf19d6835,7/29/25 22:54,,7/29/25 22:54,,Judy Bibian,,Palisades,,7/29/25 22:53,,,,,,,Construction/Rebuilding,,,,,-118.5194236,34.04440131,Rebuilding-Construction Sign,Rebuilding,positive,1,0.5
1024,efedfb1b-0123-41a3-ac76-f90bf19d6835,7/29/25 22:54,,7/29/25 22:54,,Judy Bibian,,Palisades,,7/29/25 22:53,,,,,,,Construction/Rebuilding,,,,,-118.5194236,34.04440131,Government Cleaned-Up,Clean-up Status,positive,2,0.5
168,40abdf0c-3f4c-4fad-83c4-00e05921561d,7/29/25 22:54,sophia.hoolihan373_CSUCIGIS,7/29/25 22:54,sophia.hoolihan373_CSUCIGIS,Sophia Hoolihan,,Palisades,,7/29/25 22:52,,,,,,,"Pro-Community,Construction/Rebuilding",,,,,-118.5194487,34.04442817,Pro-Community Strong,Pro-Community,positive,1,0.5
169,2cf7dfd5-08cd-4e17-bc5c-2140c49f086f,7/29/25 22:55,,7/29/25 22:55,,Judy Bibian,,Palisades,,7/29/25 22:54,,,,,"Private_Sector-Insurance,Private_Sector-Clean-Up",,,,,,,-118.5195896,34.04516921,Rebuilding-Construction Sign,Rebuilding,positive,1,0.5
170,6aca20fc-e786-4477-9908-fb4e71b62f50,7/29/25 22:56,sophia.hoolihan373_CSUCIGIS,7/29/25 22:56,sophia.hoolihan373_CSUCIGIS,Sophia Hoolihan,,Palisades,,7/29/25 22:54,,,,,,,Construction/Rebuilding,,,,,-118.5218104,34.04560971,Rebuilding-Construction Sign,Rebuilding,positive,1,0.5
171,5409852b-7f50-4a61-a1aa-dc121cd77ca7,7/29/25 22:56,,7/29/25 22:56,,Tim Whitfield,,Palisades,,7/29/25 22:56,,,,,,,Construction/Rebuilding,,,,,-118.5218609,34.04592095,Rebuilding-Construction Sign,Rebuilding,positive,1,0.5
172,2bddea8a-b7e8-4256-a686-f3fc90ed1ac2,7/29/25 22:57,,7/29/25 22:57,,Judy Bibian,,Palisades,,7/29/25 22:55,,,,,,,Trespass_Warning,,,,,-118.5218532,34.04589492,Security-Stay Away,Security-Negative,negative,1,0.5
173,4a770264-8ff5-4088-aa08-1c577758656c,7/29/25 22:57,,7/29/25 22:57,,Tim Whitfield,,Palisades,,7/29/25 22:57,,,,,,,Pro-Community,,,,,-118.5220226,34.04670814,Security-Stay Away,Security-Negative,negative,1,0.5
173,4a770264-8ff5-4088-aa08-1c577758656c,7/29/25 22:57,,7/29/25 22:57,,Tim Whitfield,,Palisades,,7/29/25 22:57,,,,,,,Pro-Community,,,,,-118.5220226,34.04670814,Pro-Community Strong,Pro-Community,positive,1,0.5
174,266a2c5d-80dc-42df-b035-be2665af6a52,7/29/25 22:57,sophia.hoolihan373_CSUCIGIS,7/29/25 22:57,sophia.hoolihan373_CSUCIGIS,Sophia Hoolihan,,Palisades,,7/29/25 22:56,other,,,,,,"Pro-Community,Looting_Warning,Trespass_Warning",,,,,-118.5220389,34.04670757,Security-Stay Away,Security-Negative,negative,1,0.5
175,7f851224-a461-4163-b225-9fd7989b5f7a,7/29/25 22:58,,7/29/25 22:58,,Judy Bibian,,Palisades,,7/29/25 22:57,,,,,,,Construction/Rebuilding,,,,,-118.5231544,34.04671283,Rebuilding-Construction Sign,Rebuilding,positive,1,0.5
176,e1d34281-4109-4e64-a02f-82b5ce91bb33,7/29/25 22:58,,7/29/25 22:58,,Tim Whitfield,,Palisades,,7/29/25 22:58,,,,,,,Construction/Rebuilding,,,,,-118.5231098,34.04658972,Rebuilding-Construction Sign,Rebuilding,positive,1,0.5
177,56aeed01-b7f7-46b8-94af-b0ee3053dbf2,7/29/25 22:59,sophia.hoolihan373_CSUCIGIS,7/29/25 22:59,sophia.hoolihan373_CSUCIGIS,Sophia Hoolihan,,Palisades,,7/29/25 22:57,,,,,,,Construction/Rebuilding,,,,,-118.522975,34.04615341,Rebuilding-Construction Sign,Rebuilding,positive,1,0.5
178,f9058978-194e-4909-938f-de5494f29d9b,7/29/25 23:00,,7/29/25 23:00,,Judy Bibian,,Palisades,,7/29/25 22:59,,,,,,,Pro-Community,,,,,-118.5240963,34.04603353,Pro-Community Strong,Pro-Community,positive,1,0.5
1025,f9058978-194e-4909-938f-de5494f29d9b,7/29/25 23:00,,7/29/25 23:00,,Judy Bibian,,Palisades,,7/29/25 22:59,,,,,,,Pro-Community,,,,,-118.5240963,34.04603353,Builder Ad,Ads-Neutral,neutral,2,0.5
1026,f9058978-194e-4909-938f-de5494f29d9b,7/29/25 23:00,,7/29/25 23:00,,Judy Bibian,,Palisades,,7/29/25 22:59,,,,,,,Pro-Community,,,,,-118.5240963,34.04603353,Security-Stay Away,Security-Negative,negative,3,0.5
179,dac606cc-1e8a-4c1f-bebe-a8498d8bb46f,7/29/25 23:00,sophia.hoolihan373_CSUCIGIS,7/29/25 23:00,sophia.hoolihan373_CSUCIGIS,Sophia Hoolihan,,Palisades,,7/29/25 22:59,,,,,City,,"Pro-Community,other",School reopening,,,,-118.5241178,34.04603225,Rebuilding-Construction Sign,Rebuilding,positive,1,0.5
180,3b853086-e824-405f-aae0-ab2dd7485bc4,7/29/25 23:01,sophia.hoolihan373_CSUCIGIS,7/29/25 23:01,sophia.hoolihan373_CSUCIGIS,Sophia Hoolihan,,Palisades,,7/29/25 23:00,,,,,,,Construction/Rebuilding,,,,,-118.5275065,34.04819962,Rebuilding-Construction Sign,Rebuilding,positive,1,0.5
181,e39a356a-5afd-4a07-9801-d6342c67dd0f,7/29/25 23:03,sophia.hoolihan373_CSUCIGIS,7/29/25 23:03,sophia.hoolihan373_CSUCIGIS,Sophia Hoolihan,,Palisades,,7/29/25 23:01,,,,,,,Trespass_Warning,,,,,-118.5320518,34.04985464,Security-Stay Away,Security-Negative,negative,1,0.5
182,39d75772-9a29-4711-b52b-13ab093702f0,7/29/25 23:03,,7/29/25 23:03,,Judy Bibian,,Palisades,,7/29/25 23:00,,,,,,,,,other,For Lease- Ad,,-118.5320117,34.04989136,For Lease,Lease Offer,positive,1,0.5
183,1158dd00-d4e7-4d1a-aeac-b22590b17425,7/29/25 23:06,,7/29/25 23:06,,Judy Bibian,,Palisades,,7/29/25 23:04,,,Clean-Up_Done,,,,,,,,,-118.5339324,34.05428987,Government Cleaned-Up,Clean-up Status,positive,1,0.5
184,af293142-43b5-466e-80cd-38706d7131b7,7/29/25 23:06,sophia.hoolihan373_CSUCIGIS,7/29/25 23:06,sophia.hoolihan373_CSUCIGIS,Sophia Hoolihan,,Palisades,,7/29/25 23:03,,,,,,,Trespass_Warning,,,,,-118.5343818,34.05372981,Security-Stay Away,Security-Negative,negative,1,0.5
185,d012acf7-9b4a-48a3-8e7a-18e68e2f0243,7/29/25 23:07,,7/29/25 23:07,,Judy Bibian,,Palisades,,7/29/25 23:06,,,,,,,,,Pink_Polkadots_Flag,,,-118.5338959,34.05319302,Government Cleaned-Up,Clean-up Status,positive,1,0.5
186,6b8276b1-4f06-4024-a8be-a46014b531ba,7/29/25 23:08,,7/29/25 23:08,,Judy Bibian,,Palisades,,7/29/25 23:07,,,,,,,Construction/Rebuilding,,,,,-118.5351375,34.05324313,Government Cleaned-Up,Clean-up Status,positive,1,0.5
187,f202bf99-af42-4304-8af1-a1bce2ac5904,7/29/25 23:08,,7/29/25 23:08,,Tim Whitfield,,Palisades,,7/29/25 23:08,,,,,,,Pro-Community,,,,,-118.5359749,34.05188551,Pro-Community Strong,Pro-Community,positive,1,0.5
188,f416b1f4-458e-48e4-ac2f-a68d0d856204,7/29/25 23:08,sophia.hoolihan373_CSUCIGIS,7/29/25 23:08,sophia.hoolihan373_CSUCIGIS,Sophia Hoolihan,,Palisades,,7/29/25 23:06,,,,,,,Conspiracy,,,,,-118.5355739,34.05320152,Warnings-Avoid Scams,Education,positive,1,0.5
189,0d247f4b-de67-4f0e-b94b-ffea3e68d53d,7/29/25 23:09,,7/29/25 23:09,,Tim Whitfield,,Palisades,,7/29/25 23:08,,,,,,,"Pro-Community,Construction/Rebuilding",,,,,-118.5361635,34.05110433,Builder Ad,Ads-Neutral,neutral,1,0.5
190,cc5a57a7-1038-47ea-96a2-5787a4b71548,7/29/25 23:09,sophia.hoolihan373_CSUCIGIS,7/29/25 23:09,sophia.hoolihan373_CSUCIGIS,Sophia Hoolihan,,Palisades,,7/29/25 23:08,,,,,,,Trespass_Warning,,,,,-118.5374732,34.04996589,Security-Stay Away,Security-Negative,negative,1,0.5
191,d7343327-6d08-41aa-8f57-c5000ad9e7f0,7/29/25 23:09,,7/29/25 23:09,,Judy Bibian,,Palisades,,7/29/25 23:08,,,,,,,,,Pink_Polkadots_Flag,,Not visible in pic but it WAS there,-118.5374132,34.05013859,Rebuilding-Construction Sign,Rebuilding,positive,1,0.5
192,fb2acba6-a1f1-4216-875a-338ff9f944f5,7/29/25 23:10,,7/29/25 23:10,,Tim Whitfield,,Palisades,,7/29/25 23:09,,,,,,,,,Pink_Polkadots_Flag,,,-118.5380562,34.04937941,Security-Stay Away,Security-Negative,negative,1,0.5
193,b2cb4290-9fdb-474b-83cb-a2baa8fcfc00,7/29/25 23:10,,7/29/25 23:10,,Judy Bibian,,Palisades,,7/29/25 23:09,,,,,,,,,Pink_Polkadots_Flag,,,-118.5381035,34.04936059,Rebuilding-Construction Sign,Rebuilding,positive,1,0.5
194,747013d0-6d30-464f-ab7c-96c16fc8034b,7/29/25 23:11,sophia.hoolihan373_CSUCIGIS,7/29/25 23:11,sophia.hoolihan373_CSUCIGIS,Sophia Hoolihan,,Palisades,,7/29/25 23:09,,,,,,,Trespass_Warning,,,,,-118.538718,34.04858325,Security-Stay Away,Security-Negative,negative,1,0.5
195,252b0567-ed95-4a33-95f4-1314adec9e19,7/29/25 23:11,,7/29/25 23:11,,Judy Bibian,,Palisades,,7/29/25 23:10,,,,,,,Construction/Rebuilding,,,,,-118.5430969,34.04827237,Rebuilding-Construction Sign,Rebuilding,positive,1,0.5
196,f2c33c70-5b04-4532-909d-ad6a36311783,7/29/25 23:13,,7/29/25 23:13,,Tim Whitfield,,Palisades,,7/29/25 23:13,,,,,,,Critical_of_Bass,,,,,-118.5499083,34.04154388,Anti-Mayor,Negative Government,negative,1,0.5
197,11e0dc31-c24f-4a7e-a90a-3360185ea4eb,7/29/25 23:14,,7/29/25 23:14,,Judy Bibian,,Palisades,,7/29/25 23:11,,,,,,,"other,Construction/Rebuilding",New homes coming,,,,-118.548718,34.04200697,Rebuilding-Construction Sign,Rebuilding,positive,1,0.5
1027,11e0dc31-c24f-4a7e-a90a-3360185ea4eb,7/29/25 23:14,,7/29/25 23:14,,Judy Bibian,,Palisades,,7/29/25 23:11,,,,,,,"other,Construction/Rebuilding",New homes coming,,,,-118.548718,34.04200697,Security-Stay Away,Security-Negative,negative,2,0.5
1028,11e0dc31-c24f-4a7e-a90a-3360185ea4eb,7/29/25 23:14,,7/29/25 23:14,,Judy Bibian,,Palisades,,7/29/25 23:11,,,,,,,"other,Construction/Rebuilding",New homes coming,,,,-118.548718,34.04200697,Pro-Community Strong,Pro-Community,positive,3,0.5
198,84b01891-2e2b-4621-8772-60992952a72c,7/29/25 23:14,,7/29/25 23:14,,Judy Bibian,,Palisades,,7/29/25 23:14,,,,,,,Pro-Community,,,,,-118.554092,34.04205539,Pro-Community Strong,Pro-Community,positive,1,0.5
199,2e6b5bfb-e605-4056-8960-d90d0f4d22dd,7/29/25 23:15,,7/29/25 23:15,,Judy Bibian,,Palisades,,7/29/25 23:15,Police,,,,,,,,,,,-118.5541171,34.04194728,Security-Stay Away,Security-Negative,negative,1,0.5
200,f39921b3-7500-4714-823e-4e78badfe96a,7/29/25 23:16,,7/29/25 23:16,,Tim Whitfield,,Palisades,,7/29/25 23:15,Private_Security,,,,,,,,,,,-118.5546726,34.03945949,Security-Stay Away,Security-Negative,negative,1,0.5
201,7f4331f7-cc10-480e-964f-95fcdbdf50ed,7/29/25 23:16,,7/29/25 23:16,,Judy Bibian,,Palisades,,7/29/25 23:15,,,,,,,Pro-Community,,,,,-118.5545763,34.03923909,Pro-Community Pride,Pro-Community,positive,1,0.5
202,63149bcf-ee92-49de-8f03-582f9a61225a,7/29/25 23:29,sean.anderson_CSUCIGIS,7/29/25 23:29,sean.anderson_CSUCIGIS,Sean Anderson,,Palisades,,7/29/25 23:27,,,,,State,,,,,,,-118.5548017,34.03922518,Wildfire Resources,Resources,positive,1,0.5
203,13c35593-ea12-4bfc-bfa4-3e0b54f338b1,7/29/25 23:41,ava.navarro634_CSUCIGIS,7/29/25 23:41,ava.navarro634_CSUCIGIS,Ava Navarro,,Palisades,,7/29/25 22:59,,,,,,,Pro-Community,,,,,-118.5232671,34.0453925,Pro-Community Pride,Pro-Community,positive,1,0.5
204,bc7a7601-adc5-433c-9e67-1fac29b32abd,7/30/25 16:30,,7/30/25 16:30,,Judy Bibian,,Eaton,,7/30/25 16:30,,,,,,,Pro-Community,,,,,-118.1609835,34.18749679,Pro-Community Pride,Pro-Community,positive,1,0.5
205,d1573dc2-4688-41f7-890d-7bbd5bcd4f02,7/30/25 16:31,,7/30/25 16:31,,Judy Bibian,,Eaton,,7/30/25 16:30,,,,,,,Predatory_Ads,,,,,-118.1595603,34.18849799,Lawyer-Ambulance Chaser,Lawyers,negative,1,0.5
206,a2bb11be-6162-4945-a205-73685865a7d2,7/30/25 16:32,,7/30/25 16:32,,Judy Bibian,,Eaton,,7/30/25 16:31,,,,,,,Pro-Community,,,,,-118.1589068,34.19643233,Pro-Community Pride,Pro-Community,positive,1,0.5
207,13f4d114-dff2-4f0e-aa5c-ea20763fb80a,7/30/25 16:32,,7/30/25 16:32,,Judy Bibian,,Eaton,,7/30/25 16:32,,,,,,,Pro-Community,,,,,-118.1551817,34.19705411,Pro-Community Pride,Pro-Community,positive,1,0.5
208,6e845106-4175-4792-8f63-882d0af3888f,7/30/25 16:33,,7/30/25 16:33,,Judy Bibian,,Eaton,,7/30/25 16:33,,,,,,,Pro-Community,,,,,-118.1509671,34.19785679,Pro-Community Not For Sale,Pro-Community,positive,1,0.5
1029,6e845106-4175-4792-8f63-882d0af3888f,7/30/25 16:33,,7/30/25 16:33,,Judy Bibian,,Eaton,,7/30/25 16:33,,,,,,,Pro-Community,,,,,-118.1509671,34.19785679,Government Cleaned-Up,Clean-up Status,positive,2,0.5
209,3ab8af06-415e-40fc-b192-1008798abad4,7/30/25 19:04,sean.anderson_CSUCIGIS,7/30/25 19:04,sean.anderson_CSUCIGIS,other,Stacey Anderson ,Eaton,,7/30/25 16:30,,,,,Private_Sector-Lawyers,,,,,,Lawyer billboard that is common.  ,-118.1600124,34.18864282,Lawyer-Ambulance Chaser,Lawyers,negative,1,0.5
210,d6ab9b81-83b5-4a33-b032-0fca3a8ac25c,7/30/25 19:42,ava.navarro634_CSUCIGIS,7/30/25 19:42,ava.navarro634_CSUCIGIS,Ava Navarro,,Palisades,,7/29/25 23:00,,,,,Federal,,,,,,,-118.5286463,34.04936749,Government Cleaned-Up,Clean-up Status,positive,1,0.5
211,2729318e-9a3a-41ae-9796-eee2aff9bbb5,7/30/25 19:42,ava.navarro634_CSUCIGIS,7/30/25 19:42,ava.navarro634_CSUCIGIS,Ava Navarro,,Palisades,,7/29/25 23:38,,,Burned_Cars_Remain,,,,,,,,,-118.6161432,34.03751656,Graffiti,Graffiti,negative,1,0.5
212,f4656949-e741-4218-a3eb-909b1283d41e,7/30/25 19:43,ava.navarro634_CSUCIGIS,7/30/25 19:43,ava.navarro634_CSUCIGIS,Ava Navarro,,Palisades,,7/29/25 23:38,,,Burned_Cars_Remain,,,,,,,,,-118.6166052,34.03758327,Security-Stay Away,Security-Negative,negative,1,0.5
213,9a4b8eb9-8a0b-42ee-a79b-60b40f071d7c,7/30/25 19:43,ava.navarro634_CSUCIGIS,7/30/25 19:43,ava.navarro634_CSUCIGIS,Ava Navarro,,Palisades,,7/29/25 23:43,,,,,,,Pro-Community,,,,The sign says “Thank you stay strong Malibu”,-118.6338684,34.03735007,Pro-Community Strong,Pro-Community,positive,1,0.5
214,e7562a3e-34ca-475a-9b79-2ff3dbf8434b,7/30/25 19:43,ava.navarro634_CSUCIGIS,7/30/25 19:43,ava.navarro634_CSUCIGIS,Ava Navarro,,Palisades,,7/29/25 23:44,,,Burned_Cars_Remain,,,,,,,,,-118.6514675,34.03835386,Government Cleaned-Up,Clean-up Status,positive,1,0.5
215,f5d08d9a-ea3c-45f8-b2e2-48dde6368b40,7/30/25 19:43,ava.navarro634_CSUCIGIS,7/30/25 19:43,ava.navarro634_CSUCIGIS,Ava Navarro,,,,7/30/25 16:31,,,,,Private_Sector-Lawyers,,,,,,,-118.1588072,34.19043331,Lawyer-Ambulance Chaser,Lawyers,negative,1,0.5
216,02c0a02a-390d-41dc-b0c1-a3fb163663ad,7/30/25 19:43,ava.navarro634_CSUCIGIS,7/30/25 19:43,ava.navarro634_CSUCIGIS,Ava Navarro,,Eaton,,7/30/25 16:31,,,Clean-Up_Done,,Federal,,Pro-Community,,,,,-118.1511002,34.19731099,Pro-Community Not For Sale,Pro-Community,positive,1,0.5
217,945eeac2-6c9d-4d1c-b55d-52680ac84f74,7/30/25 19:43,ava.navarro634_CSUCIGIS,7/30/25 19:43,ava.navarro634_CSUCIGIS,Ava Navarro,,Eaton,,7/30/25 17:33,,,,,,,Construction/Rebuilding,,,,,-118.1475022,34.20268637,Rebuilding-Construction Sign,Rebuilding,positive,1,0.5
218,4383db8c-d24f-492f-820f-5ab664ecaf43,7/30/25 19:43,ava.navarro634_CSUCIGIS,7/30/25 19:43,ava.navarro634_CSUCIGIS,Ava Navarro,,Eaton,,7/30/25 17:36,,,,,,,,,Pink_Polkadots_Flag,,,-118.1389501,34.20349005,,,,,
219,acf8a2de-7d0d-49cf-af8d-0c6c325d94f3,7/30/25 19:44,ava.navarro634_CSUCIGIS,7/30/25 19:44,ava.navarro634_CSUCIGIS,Ava Navarro,,Eaton,,7/30/25 17:41,,,,,,,Trespass_Warning,,,,,-118.1387523,34.20350465,Security-Stay Away,Security-Negative,negative,1,0.5
220,3d7a05cc-35ed-4759-aa75-298aa6256dba,7/30/25 19:53,sean.anderson_CSUCIGIS,7/30/25 19:53,sean.anderson_CSUCIGIS,Sean Anderson,,Eaton,,7/30/25 19:51,,,Clean-Up_Done,,,,Pro-Community,,,,Altadena Strong; Not For Sell-Proofreading,-118.1449417,34.19489327,Pro-Community Not For Sale,Pro-Community,positive,1,0.5
221,0e8007a1-aeeb-4af6-8074-f36f39346e9e,7/30/25 20:04,sean.anderson_CSUCIGIS,7/30/25 20:04,sean.anderson_CSUCIGIS,Sean Anderson,,Eaton,,7/30/25 20:03,,,Clean-Up_Done,,,,Construction/Rebuilding,,,,Master plan Construction 124 E Pine Street,-118.1443167,34.19472416,Rebuilding-Construction Sign,,,1,0.5
222,9a7fb40d-8bb4-4dae-81c6-3202b029db46,7/30/25 20:05,sean.anderson_CSUCIGIS,7/30/25 20:05,sean.anderson_CSUCIGIS,Sean Anderson,,Eaton,,7/30/25 20:05,,,Clean-Up_Done,,,,,,Pink_Polkadots_Flag,,136 E Pine Street,-118.144197,34.19467964,Builder Ad,Ads-Neutral,neutral,1,0.5
223,15a0ea41-f7ae-4cc0-a51d-67aa0ff44803,7/30/25 20:07,sean.anderson_CSUCIGIS,7/30/25 20:07,sean.anderson_CSUCIGIS,Sean Anderson,,Eaton,,7/30/25 20:05,,,Clean-Up_Done,,,,Construction/Rebuilding,,,,Thank you for rebuilding with us      Www.rebuildaltadena.com       144 East Pine Strwer,-118.1440436,34.19463957,Rebuilding-Construction Sign,Rebuilding,positive,1,0.5
224,ebe156bb-df6d-4e28-a947-3064779e78e5,7/30/25 20:15,sean.anderson_CSUCIGIS,7/30/25 20:15,sean.anderson_CSUCIGIS,Sean Anderson,,Eaton,,7/30/25 20:10,,,"Clean-Up_Ongoing,Burned_Cars_Remain",,,,Construction/Rebuilding,,,,Best of microphones at 111 E Pine (just E of Ramon’s son’s property.  They are just beginning demolition.,-118.1447027,34.19497941,Security-Stay Away,Security-Negative,negative,1,0.5
225,36306119-c375-400c-9d27-2f4354a66cdf,7/30/25 21:11,sean.anderson_CSUCIGIS,7/30/25 21:11,sean.anderson_CSUCIGIS,Gabriel Anderson,,Eaton,,7/30/25 21:10,,,Clean-Up_Ongoing,,Private_Sector-Clean-Up,,Construction/Rebuilding,,,,,-118.1482309,34.19273472,Rebuilding-Construction Sign,Rebuilding,positive,1,0.5
226,8d143db1-9aa5-4ee3-b878-6848d29558b3,7/30/25 21:31,,7/30/25 21:31,,Judy Bibian,,Eaton,,7/30/25 21:31,,,,,,,Pro-Community,,,,,-118.1494791,34.18948654,Pro-Community Strong,Pro-Community,positive,1,0.5
227,22d4360e-069e-4bc6-9241-0d22c0d946f0,7/30/25 21:56,sean.anderson_CSUCIGIS,7/30/25 21:56,sean.anderson_CSUCIGIS,Sean Anderson,,Eaton,,7/30/25 21:54,,,,,,,Construction/Rebuilding,,,,Gaudi 3D Print Fire-Proof Homes Flyer,-118.1494802,34.18949498,Builder Ad,Ads-Neutral,neutral,1,0.5
228,db39069d-4c19-4b21-8182-d0a83f1f830d,7/30/25 22:02,,7/30/25 22:02,,Judy Bibian,,Eaton,,7/30/25 22:01,,,,,,,"Construction/Rebuilding,Predatory_Ads",,,,,-118.149441,34.18947743,Builder Ad,Ads-Neutral,neutral,1,0.5
229,c4e113a1-dd27-434e-8d91-41eee587f6df,7/30/25 22:25,sean.anderson_CSUCIGIS,7/30/25 22:25,sean.anderson_CSUCIGIS,Sean Anderson,,Eaton,,7/30/25 22:24,,,,,,,Construction/Rebuilding,,,,Let’s Rebuild Altadena Together  Roots Builders & Remodel Inc ,-118.1470215,34.18853245,Builder Ad,Ads-Neutral,neutral,1,0.5
230,08102010-c8f7-4804-9582-d196191c1faf,7/30/25 23:08,sean.anderson_CSUCIGIS,7/30/25 23:08,sean.anderson_CSUCIGIS,Sean Anderson,,Eaton,,7/30/25 23:07,,,,,,,Pro-Community,,,,Altadena Not For Sale,-118.1299994,34.1857949,Pro-Community Not For Sale,Pro-Community,positive,1,0.5
231,a85b4eea-bb2e-4380-bfe4-2e52c7d4ee4b,7/30/25 23:40,sean.anderson_CSUCIGIS,7/30/25 23:40,sean.anderson_CSUCIGIS,Sean Anderson,,Eaton,,7/30/25 23:38,,,,,,,other,Pasadena Hunane Society,,,Animals on this property are being cared for by Pasadena Humane,-118.1432962,34.19865131,Pet Recovery,Pets,positive,1,0.5
232,85e5dfa4-813f-4512-813a-d736183abf3a,7/30/25 23:51,sean.anderson_CSUCIGIS,7/30/25 23:51,sean.anderson_CSUCIGIS,,,,,7/30/25 23:49,,,,,,,"For_Sale-Ad,Pro-Community",,,,For Sake by Zina Pepaj & We Love You Altadena,-118.1382928,34.19703535,For Sale,Sale Offer,negative,1,0.5
1030,85e5dfa4-813f-4512-813a-d736183abf3a,7/30/25 23:51,sean.anderson_CSUCIGIS,7/30/25 23:51,sean.anderson_CSUCIGIS,,,,,7/30/25 23:49,,,,,,,"For_Sale-Ad,Pro-Community",,,,For Sake by Zina Pepaj & We Love You Altadena,-118.1382928,34.19703535,Pro-Community Pride,Pro-Community,positive,2,0.5
233,53af5a5e-8163-474f-aa31-5cd496ee220e,7/31/25 0:18,sean.anderson_CSUCIGIS,7/31/25 0:18,sean.anderson_CSUCIGIS,Sean Anderson,,,,7/31/25 0:17,,,Clean-Up_Done,,,,Pro-Community,,,,Valeria’s friend NPS Area Closed with Altadena Not for Sale sign,-118.1433727,34.18936061,Pro-Community Not For Sale,Pro-Community,positive,1,0.5
1031,53af5a5e-8163-474f-aa31-5cd496ee220e,7/31/25 0:18,sean.anderson_CSUCIGIS,7/31/25 0:18,sean.anderson_CSUCIGIS,Sean Anderson,,,,7/31/25 0:17,,,Clean-Up_Done,,,,Pro-Community,,,,Valeria’s friend NPS Area Closed with Altadena Not for Sale sign,-118.1433727,34.18936061,Security-Stay Away,Security-Negative,negative,2,0.5
234,132fd836-0dc2-48bc-bbe9-e1a8b4880f6a,7/31/25 0:21,sean.anderson_CSUCIGIS,7/31/25 0:21,sean.anderson_CSUCIGIS,Sean Anderson,,Eaton,,7/31/25 0:19,,,Clean-Up_Done,,other,San Gabriel Valley Mosquito & Vector Control District,,,,,Notification of Mosquito Cobtrol Treatment,-118.1435764,34.18943859,Vector Control,Managing Environment,positive,1,0.5
235,f3b1454d-c877-488c-bcdc-8f403e3a59b7,7/31/25 1:41,john.maines545_CSUCIGIS,7/31/25 1:41,john.maines545_CSUCIGIS,John Maines,,Palisades,,7/29/25 16:51,,,other,Found items,,,,,,,"Crutches found, partly melted, possible homeless area",-118.5579286,34.04525178,,,,,
236,f2896f27-9caa-4219-b526-9e45d9bf1f67,7/31/25 1:41,john.maines545_CSUCIGIS,7/31/25 1:41,john.maines545_CSUCIGIS,John Maines,,Palisades,,7/29/25 16:54,,,other,Found items,,,,,,,Remains of shovel and cup,-118.5581714,34.04544094,,,,,
237,c1310de8-6a14-4dc8-82d5-08ceb2452209,7/31/25 1:41,john.maines545_CSUCIGIS,7/31/25 1:41,john.maines545_CSUCIGIS,John Maines,,Palisades,,7/29/25 20:07,,,,,,,Pro-Community,,,,Pro community flag,-118.5299912,34.04579727,Pro-Community Pride,Pro-Community,positive,1,0.5
238,9411578a-9212-4c53-a6e8-4928e8ec05d2,7/31/25 1:41,john.maines545_CSUCIGIS,7/31/25 1:41,john.maines545_CSUCIGIS,John Maines,,Palisades,,7/29/25 21:32,,,,,,,Pro-Community,,,,,-118.5272102,34.04804759,Pro-Community Strong,Pro-Community,positive,1,0.5
239,eba77316-2d5b-4840-a67d-bb738c05f61c,7/31/25 1:41,john.maines545_CSUCIGIS,7/31/25 1:41,john.maines545_CSUCIGIS,John Maines,,Palisades,,7/29/25 21:34,,,,,,,Pro-Community,,,,,-118.5204015,34.0428293,Pro-Community Strong,Pro-Community,positive,1,0.5
1032,eba77316-2d5b-4840-a67d-bb738c05f61c,7/31/25 1:41,john.maines545_CSUCIGIS,7/31/25 1:41,john.maines545_CSUCIGIS,John Maines,,Palisades,,7/29/25 21:34,,,,,,,Pro-Community,,,,,-118.5204015,34.0428293,Security-Stay Away,Security-Negative,negative,2,0.5
1033,eba77316-2d5b-4840-a67d-bb738c05f61c,7/31/25 1:41,john.maines545_CSUCIGIS,7/31/25 1:41,john.maines545_CSUCIGIS,John Maines,,Palisades,,7/29/25 21:34,,,,,,,Pro-Community,,,,,-118.5204015,34.0428293,Rebuilding-Construction Sign,Rebuilding,positive,3,0.5
240,7afa8f5f-ea07-47e2-a2bf-611f9fdbc572,7/31/25 1:41,john.maines545_CSUCIGIS,7/31/25 1:41,john.maines545_CSUCIGIS,John Maines,,Palisades,,7/29/25 21:34,,,,,,,Pro-Community,,,,Palisades forever sign,-118.5171121,34.04210064,Pro-Community Strong,Pro-Community,positive,1,0.5
241,295526bd-c627-4dff-ac3b-a83f8194ee98,7/31/25 1:42,john.maines545_CSUCIGIS,7/31/25 1:42,john.maines545_CSUCIGIS,John Maines,,Palisades,,7/29/25 21:35,,,,,,,For_Sale-Ad,,,,,-118.5132186,34.04685505,For Sale,Sale Offer,negative,1,0.5
242,b01f7269-bced-447b-9f00-b7f76fca79e1,7/31/25 1:42,john.maines545_CSUCIGIS,7/31/25 1:42,john.maines545_CSUCIGIS,John Maines,,Palisades,,7/29/25 21:36,,,,,,,For_Sale-Ad,,,,,-118.5154669,34.04136223,For Sale,Sale Offer,negative,1,0.5
243,f860f727-ef6c-4a3e-b774-1d51487bfe04,7/31/25 1:42,john.maines545_CSUCIGIS,7/31/25 1:42,john.maines545_CSUCIGIS,John Maines,,Palisades,,7/29/25 21:43,,,,,,,Pro-Community,,,,PICNIC,-118.5138634,34.03933246,Security-Stay Away,Security-Negative,negative,1,0.5
1034,f860f727-ef6c-4a3e-b774-1d51487bfe04,7/31/25 1:42,john.maines545_CSUCIGIS,7/31/25 1:42,john.maines545_CSUCIGIS,John Maines,,Palisades,,7/29/25 21:43,,,,,,,Pro-Community,,,,PICNIC,-118.5138634,34.03933246,Pro-Community Celebration,Pro-Community,positive,2,0.5
244,d925b740-45a9-430b-8aa5-b3ca1ec3a8ae,7/31/25 1:42,john.maines545_CSUCIGIS,7/31/25 1:42,john.maines545_CSUCIGIS,John Maines,,Palisades,,7/29/25 22:47,,,,,,,For_Sale-Ad,,,,FOR SALE SIGN,-118.515336,34.04319819,For Sale,Sale Offer,negative,1,0.5
245,4c644a72-7fc6-49bd-806d-aef6a06c1c99,7/31/25 1:42,john.maines545_CSUCIGIS,7/31/25 1:42,john.maines545_CSUCIGIS,John Maines,,Palisades,,7/29/25 22:48,,,,,,,For_Sale-Ad,,,,SALE SIGN,-118.5160642,34.04354033,For Sale,Sale Offer,negative,1,0.5
246,58dc7bf1-6ef4-4794-8858-fbb99bb2f80a,7/31/25 1:42,john.maines545_CSUCIGIS,7/31/25 1:42,john.maines545_CSUCIGIS,John Maines,,Palisades,,7/29/25 22:51,,,,,,,For_Sale-Ad,,,,,-118.5168936,34.04335628,For Sale,Sale Offer,negative,1,0.5
247,cbaf740a-5786-4878-b015-8beb996c3645,7/31/25 1:42,john.maines545_CSUCIGIS,7/31/25 1:42,john.maines545_CSUCIGIS,John Maines,,Palisades,,7/29/25 22:52,,,,,,,For_Sale-Ad,,,,,-118.5190479,34.04261735,For Sale,Sale Offer,negative,1,0.5
248,3cb67c18-6f6a-42ba-882f-9fd6a07ec23c,7/31/25 1:42,john.maines545_CSUCIGIS,7/31/25 1:42,john.maines545_CSUCIGIS,John Maines,,Palisades,,7/29/25 22:53,,,,,,,Pro-Community,,,,PALISADES NOT FOR SALE,-118.5191481,34.04306872,Pro-Community Not For Sale,Pro-Community,positive,1,0.5
1035,3cb67c18-6f6a-42ba-882f-9fd6a07ec23c,7/31/25 1:42,john.maines545_CSUCIGIS,7/31/25 1:42,john.maines545_CSUCIGIS,John Maines,,Palisades,,7/29/25 22:53,,,,,,,Pro-Community,,,,PALISADES NOT FOR SALE,-118.5191481,34.04306872,Security-Stay Away,Security-Negative,negative,2,0.5
249,9677e895-519b-48be-b7d4-ec7b3ee07669,7/31/25 1:42,john.maines545_CSUCIGIS,7/31/25 1:42,john.maines545_CSUCIGIS,John Maines,,Palisades,,7/29/25 22:53,,,Clean-Up_Done,,,,,,,,Cleanup comolete,-118.519459,34.04440364,Security-Stay Away,Security-Negative,negative,1,0.5
1036,9677e895-519b-48be-b7d4-ec7b3ee07669,7/31/25 1:42,john.maines545_CSUCIGIS,7/31/25 1:42,john.maines545_CSUCIGIS,John Maines,,Palisades,,7/29/25 22:53,,,Clean-Up_Done,,,,,,,,Cleanup comolete,-118.519459,34.04440364,Government Cleaned-Up,Clean-up Status,positive,2,0.5
250,b0dbf7a2-2a7c-48de-bcdf-6821fa8e16f8,7/31/25 1:42,john.maines545_CSUCIGIS,7/31/25 1:42,john.maines545_CSUCIGIS,John Maines,,Palisades,,7/29/25 22:54,,,Clean-Up_Done,,Private_Sector-Clean-Up,,Construction/Rebuilding,,,,,-118.5195542,34.04494635,Pro-Community Strong,Pro-Community,positive,1,0.5
251,bce7851d-2a77-432c-87e8-e9b7eb0d663a,7/31/25 1:42,john.maines545_CSUCIGIS,7/31/25 1:42,john.maines545_CSUCIGIS,John Maines,,Palisades,,7/29/25 22:55,,,,,,,Pro-Community,,,,,-118.5210128,34.0455668,Predatory Ad,Ads-Negative,negative,1,0.5
252,ffc71a58-2949-4ab7-ba5e-6651d9245307,7/31/25 1:42,john.maines545_CSUCIGIS,7/31/25 1:42,john.maines545_CSUCIGIS,John Maines,,Palisades,,7/29/25 22:56,,,,,,,"Construction/Rebuilding,Pro-Community",,,,,-118.5218731,34.04593109,Rebuilding-Construction Sign,Rebuilding,positive,1,0.5
253,b0a6045f-446a-4d61-8348-84e2c7ddf90b,7/31/25 1:42,john.maines545_CSUCIGIS,7/31/25 1:42,john.maines545_CSUCIGIS,John Maines,,Palisades,,7/29/25 22:56,,,,,,,Critical_of_Bass,,,,,-118.5220109,34.04651448,Anti-Mayor,Negative Government,negative,1,0.5
254,8bb64242-3244-47f7-8e9f-138ebd799bc0,7/31/25 1:42,john.maines545_CSUCIGIS,7/31/25 1:42,john.maines545_CSUCIGIS,John Maines,,Palisades,,7/29/25 22:57,,,Clean-Up_Done,,Federal,,,,,,,-118.5222946,34.04721459,Government Cleaned-Up,Clean-up Status,positive,1,0.5
255,1e9e3cb9-ec4a-43d5-a0ff-547afea137ca,7/31/25 1:42,john.maines545_CSUCIGIS,7/31/25 1:42,john.maines545_CSUCIGIS,,,Palisades,,7/29/25 22:58,,,,,,,,,Pink_Polkadots_Flag,,,-118.5230112,34.04630128,,,,,
256,92231542-1b2b-49bc-9db9-faf9d6c68dd7,7/31/25 1:43,john.maines545_CSUCIGIS,7/31/25 1:43,john.maines545_CSUCIGIS,John Maines,,Palisades,,7/29/25 22:59,,,Clean-Up_Done,,,,Pro-Community,,,,CHRISTMAS,-118.5227792,34.04542361,Pro-Community Art & Memory,Pro-Community,positive,1,0.5
1037,92231542-1b2b-49bc-9db9-faf9d6c68dd7,7/31/25 1:43,john.maines545_CSUCIGIS,7/31/25 1:43,john.maines545_CSUCIGIS,John Maines,,Palisades,,7/29/25 22:59,,,Clean-Up_Done,,,,Pro-Community,,,,CHRISTMAS,-118.5227792,34.04542361,Government Cleaned-Up,Clean-up Status,positive,2,0.5
257,d935cac6-8135-479c-8d54-977c9652c96c,7/31/25 1:43,john.maines545_CSUCIGIS,7/31/25 1:43,john.maines545_CSUCIGIS,John Maines,,Palisades,,7/29/25 22:59,,,Clean-Up_Done,,,,Construction/Rebuilding,,,,HOUSE,-118.5230578,34.04520664,Rebuilding-Construction Sign,Rebuilding,positive,1,0.5
258,2df10c34-4f8f-447f-8a60-048661e90a21,7/31/25 1:43,john.maines545_CSUCIGIS,7/31/25 1:43,john.maines545_CSUCIGIS,John Maines,,Palisades,,7/29/25 23:01,,,"Clean-Up_Not_Started,Conspicuous_Major_Items_Remain",,,,,,,,,-118.5265171,34.04798502,Security-Stay Away,Security-Negative,negative,1,0.5
259,9aa1160d-9df9-49e5-a1a5-bf0ba46fcecb,7/31/25 1:43,john.maines545_CSUCIGIS,7/31/25 1:43,john.maines545_CSUCIGIS,John Maines,,Palisades,,7/29/25 23:05,,,,,,,,,"Pink_Polkadots_Flag,Orange_Flag",,Tape on mailbox,-118.5335172,34.05456805,,,,,
260,a3f93b06-2336-4652-8ccc-2ae8b34e43a4,7/31/25 1:43,john.maines545_CSUCIGIS,7/31/25 1:43,john.maines545_CSUCIGIS,John Maines,,Palisades,,7/29/25 23:06,,,,,,,Construction/Rebuilding,,,,Rebuimding with flags?!?!?!,-118.5342978,34.05369262,Rebuilding-Construction Sign,Rebuilding,positive,1,0.5
261,2cf007f5-199c-4a6d-9f85-ce8f771631c3,7/31/25 1:43,john.maines545_CSUCIGIS,7/31/25 1:43,john.maines545_CSUCIGIS,John Maines,,Palisades,,7/29/25 23:08,,,Clean-Up_Done,,,,,,,,,-118.5359222,34.05216887,Government Cleaned-Up,Clean-up Status,positive,1,0.5
262,4aea39cb-5571-4fa9-af73-4c73b58876e1,7/31/25 1:43,john.maines545_CSUCIGIS,7/31/25 1:43,john.maines545_CSUCIGIS,John Maines,,Palisades,,7/29/25 23:09,,,Clean-Up_Done,,Private_Sector-other,,Predatory_Ads,,,,As for buikding new home,-118.537486,34.04997344,Builder Ad,Ads-Neutral,neutral,1,0.5
263,4f163843-bdbe-4819-ae79-71c732b42354,7/31/25 1:43,john.maines545_CSUCIGIS,7/31/25 1:43,john.maines545_CSUCIGIS,John Maines,,Palisades,,7/29/25 23:10,,,"Clean-Up_Done,Clean-Up_Ongoing",,,,,,,,Signs about cleanup,-118.5419182,34.04849329,Government Cleaned-Up,Clean-up Status,positive,1,0.5
264,48118cc5-252b-451c-918f-2a9366e90cb8,7/31/25 1:43,john.maines545_CSUCIGIS,7/31/25 1:43,john.maines545_CSUCIGIS,John Maines,,Palisades,,7/29/25 23:12,,,Clean-Up_Done,,,,Construction/Rebuilding,,,,,-118.5440359,34.04425585,,,,,
265,fdff135a-52f2-427b-b1ed-5e36a97b11c3,7/31/25 1:43,john.maines545_CSUCIGIS,7/31/25 1:43,john.maines545_CSUCIGIS,John Maines,,Palisades,,7/29/25 23:12,,,,,,,,,Pink_Polkadots_Flag,,,-118.5491528,34.04184781,,,,,
266,a120f945-9f85-490c-b5f3-5c50de77481c,7/31/25 1:43,john.maines545_CSUCIGIS,7/31/25 1:43,john.maines545_CSUCIGIS,John Maines,,Palisades,,7/29/25 23:15,,,"Conspicuous_Major_Items_Remain,Burned_Cars_Remain",,,,,,,,,-118.5545989,34.03956417,,,,,
267,7981b1e5-cb99-47bc-b3c6-b9cbf064b17f,7/31/25 19:48,,7/31/25 19:48,,Tim Whitfield,,Palisades,,7/31/25 19:47,,,,,,,Construction/Rebuilding,,,,,-118.6027709,34.09029365,Contractor Ad,Ads-Neutral,neutral,1,0.5
268,5045f135-1517-463f-9ae7-bfe7925033a1,8/1/25 18:27,sean.anderson_CSUCIGIS,8/1/25 18:27,sean.anderson_CSUCIGIS,Sean Anderson,,other,,8/1/25 18:09,,,,,,,Pro-Community,,,,,-118.2750229,34.0363176,,,,,
269,2e166f24-60e0-4e00-b285-d88ac36798ce,8/1/25 19:51,ava.navarro634_CSUCIGIS,8/1/25 19:51,ava.navarro634_CSUCIGIS,Ava Navarro,,Palisades,,7/30/25 19:44,,,,,Federal,,,,Pink_Polkadots_Flag,,,-118.144972,34.19491106,Government Cleaned-Up,Clean-up Status,positive,1,0.5
270,5f42b166-2377-47f3-93a8-ec5c40f408dc,8/1/25 19:51,ava.navarro634_CSUCIGIS,8/1/25 19:51,ava.navarro634_CSUCIGIS,Ava Navarro,,Eaton,,7/30/25 19:45,,,,,,,"Trespass_Warning,Pro-Community",,,,,-118.1449656,34.19491257,Pro-Community Strong,Pro-Community,positive,1,0.5
1038,5f42b166-2377-47f3-93a8-ec5c40f408dc,8/1/25 19:51,ava.navarro634_CSUCIGIS,8/1/25 19:51,ava.navarro634_CSUCIGIS,Ava Navarro,,Eaton,,7/30/25 19:45,,,,,,,"Trespass_Warning,Pro-Community",,,,,-118.1449656,34.19491257,Security-Stay Away,Security-Negative,negative,2,0.5
271,5314bda8-4f93-49e3-a1d7-b6d12c02149c,8/1/25 19:51,ava.navarro634_CSUCIGIS,8/1/25 19:51,ava.navarro634_CSUCIGIS,Ava Navarro,,Eaton,,7/30/25 21:12,,,,,,,Construction/Rebuilding,,,,,-118.1494132,34.18929228,Pro-Community Strong,Pro-Community,positive,1,0.5
272,d91f0302-994f-4733-8097-9e71fd76d82b,8/1/25 19:51,ava.navarro634_CSUCIGIS,8/1/25 19:51,ava.navarro634_CSUCIGIS,Ava Navarro,,Eaton,,7/30/25 22:09,,,,,,,Pro-Community,,,,,-118.1492346,34.18935162,,,,,
273,2963068e-1c77-42e2-bc56-aa13fbdf220d,8/1/25 19:51,ava.navarro634_CSUCIGIS,8/1/25 19:51,ava.navarro634_CSUCIGIS,Ava Navarro,,Eaton,,7/30/25 22:10,,,,,,,Pro-Community,,,,,-118.148811,34.18915147,Pro-Community Not For Sale,Pro-Community,positive,1,0.5
274,7d941685-ca13-467e-a846-4e07a5dc84a5,8/1/25 19:51,ava.navarro634_CSUCIGIS,8/1/25 19:51,ava.navarro634_CSUCIGIS,Ava Navarro,,Eaton,,7/30/25 22:14,,,Clean-Up_Done,,Federal,,,,,,,-118.1425169,34.19015848,Government Cleaned-Up,Clean-up Status,positive,1,0.5
275,9e57254b-3f72-4eb2-9de3-d7ca0e0dcc79,8/1/25 19:51,ava.navarro634_CSUCIGIS,8/1/25 19:51,ava.navarro634_CSUCIGIS,Ava Navarro,,Eaton,,7/30/25 22:22,,,,,,,Predatory_Ads,,,,,-118.1423953,34.1900016,Warnings-Avoid Scams,Education,positive,1,0.5
276,9a13cbb9-3e7e-4d05-b169-9906b6d77ff4,8/1/25 19:51,ava.navarro634_CSUCIGIS,8/1/25 19:51,ava.navarro634_CSUCIGIS,Ava Navarro,,Eaton,,7/30/25 22:23,,,Clean-Up_Done,,,,,,Orange_Flag,,,-118.1421694,34.19000046,Government Cleaned-Up,Clean-up Status,positive,1,0.5
277,8058381f-1e65-465b-975b-be69cc5f1eb6,8/1/25 20:37,,8/1/25 20:37,,Nicole Kouyoumdjian,,Eaton,,8/1/25 19:17,,,,,other,Art,,,,,,-118.2834748,34.01593465,Pro-Community Art & Memory,Pro-Community,positive,1,0.5
278,85a7e2e7-c45e-4062-9b7c-e2bcc9580883,8/1/25 20:37,,8/1/25 20:37,,Nicole Kouyoumdjian,,Eaton,,8/1/25 19:18,,,,,other,Art,,,,,,-118.2834705,34.01592959,Pro-Community Art & Memory,Pro-Community,positive,1,0.5
279,08e0ea76-8566-4422-a980-2325258a77c8,8/1/25 20:37,,8/1/25 20:37,,Nicole Kouyoumdjian,,Eaton,,8/1/25 19:19,,,,,other,Art,Pro-Community,,,,,-118.2834809,34.01592535,Pro-Community Art & Memory,Pro-Community,positive,1,0.5
280,b268ab15-b892-49e2-be21-bb8d370159d6,8/1/25 20:37,,8/1/25 20:37,,Nicole Kouyoumdjian,,Eaton,,8/1/25 19:24,,,,,other,Art,Pro-Community,,,,The fragility if home and the persistence of memory,-118.2834942,34.01592598,Pro-Community Art & Memory,Pro-Community,positive,1,0.5
281,1e743deb-91da-43c0-b688-8efaa56b0d40,8/1/25 20:37,,8/1/25 20:37,,Nicole Kouyoumdjian,,Eaton,,8/1/25 19:36,,,,,other,Art,Pro-Community,,,,"Altadena is a beautiful community... when I return to the burnt down streets of Altadena I still feel an overwhelming sense that I am home""""",-118.2831657,34.01588406,Pro-Community Art & Memory,Pro-Community,positive,1,0.5
282,367bd0b2-fb70-4c12-99c7-9df3c886a2f1,8/1/25 23:00,ava.navarro634_CSUCIGIS,8/1/25 23:00,ava.navarro634_CSUCIGIS,Ava Navarro,,Eaton,,7/30/25 22:24,,,,,Federal,,Parking_Restriction,,Orange_Flag,,,-118.1422303,34.190777,Government Cleaned-Up,Clean-up Status,positive,1,0.5
1039,367bd0b2-fb70-4c12-99c7-9df3c886a2f1,8/1/25 23:00,ava.navarro634_CSUCIGIS,8/1/25 23:00,ava.navarro634_CSUCIGIS,Ava Navarro,,Eaton,,7/30/25 22:24,,,,,Federal,,Parking_Restriction,,Orange_Flag,,,-118.1422303,34.190777,Security-Stay Away,Security-Negative,negative,2,0.5
283,14ec2272-00fc-4234-b47b-bc88d1c790c8,8/1/25 23:00,ava.navarro634_CSUCIGIS,8/1/25 23:00,ava.navarro634_CSUCIGIS,Ava Navarro,,Eaton,,7/30/25 22:29,,,Clean-Up_Done,,Federal,,Pro-Community,,,,,-118.1418939,34.19100578,Pro-Community Pride,Pro-Community,positive,1,0.5
1040,14ec2272-00fc-4234-b47b-bc88d1c790c8,8/1/25 23:00,ava.navarro634_CSUCIGIS,8/1/25 23:00,ava.navarro634_CSUCIGIS,Ava Navarro,,Eaton,,7/30/25 22:29,,,Clean-Up_Done,,Federal,,Pro-Community,,,,,-118.1418939,34.19100578,Government Cleaned-Up,Clean-up Status,positive,2,0.5
284,45491f5a-5629-4939-beff-177fc97b30b2,8/1/25 23:00,ava.navarro634_CSUCIGIS,8/1/25 23:00,ava.navarro634_CSUCIGIS,Ava Navarro,,Eaton,,7/30/25 22:31,,,,,,,For_Sale-Ad,,,,,-118.1414496,34.19108086,For Sale,Sale Offer,negative,1,0.5
285,ba5bff6c-5f94-4c5b-9535-7514ed8bfe83,8/1/25 23:00,ava.navarro634_CSUCIGIS,8/1/25 23:00,ava.navarro634_CSUCIGIS,Ava Navarro,,Eaton,,7/30/25 22:38,,,,,,,Pro-Community,,,,,-118.1411891,34.18874017,Pro-Community Not For Sale,Pro-Community,positive,1,0.5
286,8bfc18cf-9211-4329-b627-f62ffe1669da,8/1/25 23:00,ava.navarro634_CSUCIGIS,8/1/25 23:00,ava.navarro634_CSUCIGIS,Ava Navarro,,Eaton,,7/30/25 22:39,,,,,,,Pro-Community,,,,,-118.1394285,34.18917548,Pro-Community Art & Memory,Pro-Community,positive,1,0.5
287,362538d4-ea09-42f4-b2c9-b50b6effd4c7,8/1/25 23:00,ava.navarro634_CSUCIGIS,8/1/25 23:00,ava.navarro634_CSUCIGIS,Ava Navarro,,Eaton,,7/30/25 22:39,,,,,,,Pro-Community,,,,,-118.1365354,34.18929834,Pro-Community Celebration,Pro-Community,positive,1,0.5
288,791469c4-4ac4-4d09-9fa9-fedb21978901,8/1/25 23:00,ava.navarro634_CSUCIGIS,8/1/25 23:00,ava.navarro634_CSUCIGIS,Ava Navarro,,Eaton,,7/30/25 22:40,,,Clean-Up_Not_Started,,,,Trespass_Warning,,,,,-118.1316699,34.18774935,Security-Stay Away,Security-Negative,negative,1,0.5
289,9b0e95f5-c024-492a-a901-97803fc6ed25,8/1/25 23:00,ava.navarro634_CSUCIGIS,8/1/25 23:00,ava.navarro634_CSUCIGIS,Ava Navarro,,Eaton,,7/30/25 22:41,,,,,,,,,Pink_Polkadots_Flag,,,-118.1226151,34.18401651,,,,,
290,2925b645-1036-4fb6-9c9a-d3703ce3cc8d,8/1/25 23:00,ava.navarro634_CSUCIGIS,8/1/25 23:00,ava.navarro634_CSUCIGIS,Ava Navarro,,Eaton,,7/30/25 22:46,,,,,,,Trespass_Warning,,,,,-118.1226123,34.18401646,Security-Stay Away,Security-Negative,negative,1,0.5
291,28022844-54f5-4f57-9b2d-436744901a96,8/1/25 23:00,ava.navarro634_CSUCIGIS,8/1/25 23:00,ava.navarro634_CSUCIGIS,Ava Navarro,,Eaton,,7/30/25 22:47,,,,,,,,,Pink_Polkadots_Flag,,,-118.123141,34.18417223,,,,,
292,6d894f53-6b45-4ab7-b4e0-80cd528d3616,8/1/25 23:01,ava.navarro634_CSUCIGIS,8/1/25 23:01,ava.navarro634_CSUCIGIS,Ava Navarro,,Eaton,,7/30/25 22:49,,,,,,,Trespass_Warning,,,,,-118.1231994,34.18419623,Security-Stay Away,Security-Negative,negative,1,0.5
293,4c38154e-6101-40ed-b9fc-26578a68d95a,8/1/25 23:01,ava.navarro634_CSUCIGIS,8/1/25 23:01,ava.navarro634_CSUCIGIS,Ava Navarro,,Eaton,,7/31/25 0:14,,,,,,,Trespass_Warning,,,,,-118.1438088,34.18955,Security-Stay Away,Security-Negative,negative,1,0.5
294,7406a105-025b-4d1c-a293-429db5410ab4,8/1/25 23:01,ava.navarro634_CSUCIGIS,8/1/25 23:01,ava.navarro634_CSUCIGIS,Ava Navarro,,Eaton,,7/31/25 0:14,,,Clean-Up_Ongoing,,Private_Sector-Clean-Up,,,,,,,-118.143896,34.18955877,Vector Control,Managing Environment,positive,1,0.5
295,d373783a-e517-46b7-877a-7959d6f3e641,8/1/25 23:01,ava.navarro634_CSUCIGIS,8/1/25 23:01,ava.navarro634_CSUCIGIS,Ava Navarro,,Eaton,,7/31/25 0:16,,,,,,,For_Sale-Ad,,,,,-118.144144,34.18963966,For Sale,Sale Offer,negative,1,0.5
296,4a7538cb-dad9-409a-892a-c4f3b38ce5dc,8/1/25 23:01,ava.navarro634_CSUCIGIS,8/1/25 23:01,ava.navarro634_CSUCIGIS,Ava Navarro,,Eaton,,7/31/25 0:17,,,,,,,,,Orange_Flag,,,-118.1441974,34.18961823,,,,1,0.5
297,1375587e-3c49-4cbb-924d-052b4b4b5b0e,8/1/25 23:01,ava.navarro634_CSUCIGIS,8/1/25 23:01,ava.navarro634_CSUCIGIS,Ava Navarro,,Eaton,,7/31/25 0:19,,,,,,,Trespass_Warning,,,,,-118.1433982,34.18950182,Security-Stay Away,Security-Negative,negative,1,0.5
298,c1047bc9-331b-4d61-9ad1-508ef8dca12c,8/1/25 23:01,ava.navarro634_CSUCIGIS,8/1/25 23:01,ava.navarro634_CSUCIGIS,Ava Navarro,,Eaton,,7/31/25 0:20,,,Conspicuous_Major_Items_Remain,,,,,,,,,-118.1432045,34.18947304,,,,,
299,62323b72-5f68-44c9-af09-99ca0b85a743,8/1/25 23:01,ava.navarro634_CSUCIGIS,8/1/25 23:01,ava.navarro634_CSUCIGIS,Ava Navarro,,Eaton,,7/31/25 0:22,,,,,,,Construction/Rebuilding,,,,,-118.1434966,34.18916262,,,,,
300,4ec97a28-caf8-40b6-b8cb-a609229a50c2,8/1/25 23:01,ava.navarro634_CSUCIGIS,8/1/25 23:01,ava.navarro634_CSUCIGIS,Ava Navarro,,Eaton,,8/1/25 22:05,,,,,,,Pro-Community,,,,,-118.1216219,34.16975579,Pro-Community Art & Memory,Pro-Community,positive,1,0.5
301,d2597551-be8c-4c5b-8f22-600fad107737,8/1/25 23:01,ava.navarro634_CSUCIGIS,8/1/25 23:01,ava.navarro634_CSUCIGIS,Ava Navarro,,Eaton,,8/1/25 22:05,,,,,,,Pro-Community,,,,,-118.1216195,34.16971738,Pro-Community Not For Sale,Pro-Community,positive,1,0.5
302,8ef61cec-1498-41b9-816f-4c27d5fdd48d,8/2/25 2:23,ava.navarro634_CSUCIGIS,8/2/25 2:23,ava.navarro634_CSUCIGIS,Ava Navarro,,Palisades,,8/2/25 2:23,,,,,,,Construction/Rebuilding,,,,,-118.6516282,34.03839391,,,,,
303,4d5bbc90-5ddb-49bf-9f20-f019264af40b,8/15/25 21:31,sean.anderson_CSUCIGIS,8/15/25 21:31,sean.anderson_CSUCIGIS,Sean Anderson,,Palisades,,8/15/25 21:29,,,Clean-Up_Done,,,,Construction/Rebuilding,,,,We Built It Before& We Are Building It Again,-118.5240171,34.05117193,Builder Ad,Ads-Neutral,neutral,1,0.5
304,a3a3205b-2114-4df1-929f-7b41165c025b,8/15/25 21:48,sean.anderson_CSUCIGIS,8/15/25 21:48,sean.anderson_CSUCIGIS,Sean Anderson,,Palisades,,8/15/25 21:45,,,Clean-Up_Done,,,,"Pro-Community,For_Sale-Ad,Construction/Rebuilding",,,,Home with Berkshire Hathaway Sales Sign plus Palisades & California state flags,-118.5241196,34.05152478,For Sale,Sale Offer,negative,1,0.5
305,00099be0-8208-41b7-9ad0-93a7eaec39e1,8/15/25 22:26,sean.anderson_CSUCIGIS,8/15/25 22:26,sean.anderson_CSUCIGIS,Sean Anderson,,Palisades,,8/15/25 22:25,,,,,,,"Trespass_Warning,Pro-Community",,,,Palisades Forever,-118.5249265,34.04993225,Pro-Community Strong,Pro-Community,positive,1,0.5